Date,Product,Category,Size,Qty,Amount,ship-city,ship-state,ship-postal-code,promotion-ids,Gender,Age Group
5/1/25,Seaweed Soup,Soup/Side/Main,300g,3,10624,Gangseo-gu,Seoul,8053,FRUITPROMO5,F,50s
5/1/25,Ginger Tea,Coffee/Tea,500ml,2,8312,Jung-gu,Seoul,4237,WEEKEND20,M,40s
5/1/25,Ginger Tea,Coffee/Tea,250ml,1,4659,Jungnang-gu,Seoul,5119,FRESH10OFF,F,30s
5/1/25,Ginger Tea,Coffee/Tea,1L,4,15408,Gangdong-gu,Seoul,2453,,M,20s
5/1/25,Udon Kit,Ready Meal/Meal Kit/Salad,300g,1,6764,Songpa-gu,Seoul,7892,WEEKEND20,F,60s
5/1/25,Walnut Cake,Bakery,1 pc,2,6923,Mapo-gu,Seoul,1345,NEWCUSTOMER,M,50s
5/1/25,Warm Herbal Tea,Coffee/Tea,330ml,3,11851,Yongsan-gu,Seoul,9876,FRESH10OFF,F,40s
5/1/25,Soybean Paste Stew,Soup/Side/Main,1 pc,4,12967,Eunpyeong-gu,Seoul,3421,FRUITPROMO5,M,30s
5/2/25,Broccoli,Vegetables,200g,2,7234,Seongbuk-gu,Seoul,6754,,F,20s
5/2/25,Broccoli,Vegetables,1 pc,3,10123,Gwanak-gu,Seoul,8901,WEEKEND20,M,40s
5/2/25,Milk,Dairy,1kg,1,4456,Dongdaemun-gu,Seoul,2345,FRESH10OFF,F,50s
5/2/25,Bagel,Bakery,4-pack,4,12678,Seocho-gu,Seoul,7123,NEWCUSTOMER,M,30s
5/2/25,Latte,Coffee/Tea,500ml,2,8789,Gwangjin-gu,Seoul,5432,FRUITPROMO5,F,60s
5/2/25,Mixed Nuts,Fruit/Nuts/Rice,500g,3,14234,Nowon-gu,Seoul,9012,,M,20s
5/2/25,Lettuce,Vegetables,300g,1,3890,Yangcheon-gu,Seoul,4567,WEEKEND20,F,40s
5/2/25,Scone,Bakery,6-pack,2,6789,Dobong-gu,Seoul,8234,FRESH10OFF,M,50s
5/3/25,Fish-shaped Bread,Bakery,10-pack,1,3567,Seongdong-gu,Seoul,1678,NEWCUSTOMER,F,30s
5/3/25,Instant Noodles,Ready Meal/Meal Kit/Salad,1 pc,2,12345,Jongno-gu,Seoul,9345,FRUITPROMO5,M,60s
5/3/25,Yuzu Tea,Coffee/Tea,250ml,3,11678,Jung-gu,Seoul,2890,,F,20s
5/3/25,Hot Steamed Bun,Bakery,1 pc,4,12890,Gangnam-gu,Seoul,7456,WEEKEND20,M,40s
5/3/25,Kimchi Stew,Soup/Side/Main,500g,1,4123,Guro-gu,Seoul,5123,FRESH10OFF,F,50s
5/3/25,Americano,Coffee/Tea,330ml,2,8456,Geumcheon-gu,Seoul,8567,NEWCUSTOMER,M,30s
5/3/25,Warm Soup Kit,Ready Meal/Meal Kit/Salad,300g,3,17890,Yeongdeungpo-gu,Seoul,3456,FRUITPROMO5,F,60s
5/4/25,Brown Rice,Fruit/Nuts/Rice,2kg,1,5678,Seodaemun-gu,Seoul,6789,,M,20s
5/4/25,Cappuccino,Coffee/Tea,500ml,2,8234,Dongjak-gu,Seoul,4012,WEEKEND20,F,40s
5/4/25,Muffin,Bakery,4-pack,3,9567,Gangbuk-gu,Seoul,7234,FRESH10OFF,M,50s
5/4/25,Carrot,Vegetables,1kg,4,13890,Gangseo-gu,Seoul,5678,NEWCUSTOMER,F,30s
5/4/25,Cheese,Dairy,200g,1,4345,Jungnang-gu,Seoul,8901,FRUITPROMO5,M,60s
5/4/25,White Bread,Bakery,1 pc,2,6789,Songpa-gu,Seoul,2345,,F,20s
5/4/25,Pear,Fruit/Nuts/Rice,1 pc,3,13456,Mapo-gu,Seoul,6789,WEEKEND20,M,40s
5/5/25,Green Tea,Coffee/Tea,1L,1,4567,Yongsan-gu,Seoul,9012,FRESH10OFF,F,50s
5/5/25,Cabbage,Vegetables,500g,2,7234,Eunpyeong-gu,Seoul,3456,NEWCUSTOMER,M,30s
5/5/25,Croissant,Bakery,6-pack,3,9890,Seongbuk-gu,Seoul,7890,FRUITPROMO5,F,60s
5/5/25,Apple,Fruit/Nuts/Rice,1kg,4,17345,Gwanak-gu,Seoul,1234,,M,20s
5/5/25,Butter,Dairy,300g,1,3678,Dongdaemun-gu,Seoul,5678,WEEKEND20,F,40s
5/5/25,Oolong Tea,Coffee/Tea,250ml,2,8123,Seocho-gu,Seoul,8901,FRESH10OFF,M,50s
5/5/25,Onion,Vegetables,1 pc,3,10456,Gwangjin-gu,Seoul,2345,NEWCUSTOMER,F,30s
5/6/25,Americano,Coffee/Tea,330ml,1,4234,Nowon-gu,Seoul,6789,FRUITPROMO5,M,60s
5/6/25,Yogurt,Dairy,500g,2,7567,Yangcheon-gu,Seoul,9012,,F,20s
5/6/25,Tangerine,Fruit/Nuts/Rice,2kg,3,13890,Dobong-gu,Seoul,3456,WEEKEND20,M,40s
5/6/25,Bagel,Bakery,10-pack,4,12345,Seongdong-gu,Seoul,7890,FRESH10OFF,F,50s
5/6/25,Lettuce,Vegetables,200g,1,3678,Jongno-gu,Seoul,1234,NEWCUSTOMER,M,30s
5/6/25,Latte,Coffee/Tea,500ml,2,8901,Jung-gu,Seoul,5678,FRUITPROMO5,F,60s
5/6/25,Scone,Bakery,1 pc,3,9234,Gangnam-gu,Seoul,8901,,M,20s
5/7/25,Bottled Water,Water/Beverage,1L,3,7890,Guro-gu,Seoul,2345,WEEKEND20,F,40s
5/7/25,Salad Kit,Ready Meal/Meal Kit/Salad,300g,2,12456,Geumcheon-gu,Seoul,6789,FRESH10OFF,M,50s
5/7/25,Watermelon,Fruit/Nuts/Rice,1 pc,4,18234,Yeongdeungpo-gu,Seoul,9012,NEWCUSTOMER,F,30s
5/7/25,Iced Tea,Water/Beverage,500ml,1,3567,Seodaemun-gu,Seoul,3456,FRUITPROMO5,M,60s
5/7/25,Fruit Jelly,Snacks/Sweets/Rice Cake,200g,2,7890,Dongjak-gu,Seoul,7890,,F,20s
5/7/25,Electrolyte Drink,Water/Beverage,330ml,3,8123,Gangbuk-gu,Seoul,1234,WEEKEND20,M,40s
5/7/25,Shrimp,Seafood,500g,4,13456,Gangseo-gu,Seoul,5678,FRESH10OFF,F,50s
5/8/25,Sparkling Water,Water/Beverage,250ml,2,5789,Jungnang-gu,Seoul,8901,NEWCUSTOMER,M,30s
5/8/25,Grape,Fruit/Nuts/Rice,1kg,3,14234,Songpa-gu,Seoul,2345,FRUITPROMO5,F,60s
5/8/25,Cold Noodle Kit,Ready Meal/Meal Kit/Salad,1 pc,1,6890,Mapo-gu,Seoul,6789,,M,20s
5/8/25,Fruit Juice,Water/Beverage,500ml,4,9567,Yongsan-gu,Seoul,9012,WEEKEND20,F,40s
5/8/25,Ice Cream,Snacks/Sweets/Rice Cake,300g,2,6234,Eunpyeong-gu,Seoul,3456,FRESH10OFF,M,50s
5/8/25,Korean Melon,Fruit/Nuts/Rice,2kg,3,16789,Seongbuk-gu,Seoul,7890,NEWCUSTOMER,F,30s
5/8/25,Clam,Seafood,1kg,1,4567,Gwanak-gu,Seoul,1234,FRUITPROMO5,M,60s
5/9/25,Warm Herbal Tea,Coffee/Tea,1L,2,8901,Dongdaemun-gu,Seoul,5678,,F,20s
5/9/25,Kimchi Stew Kit,Ready Meal/Meal Kit/Salad,500g,3,17456,Seocho-gu,Seoul,8901,WEEKEND20,M,40s
5/9/25,Fish-shaped Bread,Bakery,4-pack,1,3789,Gwangjin-gu,Seoul,2345,FRESH10OFF,F,50s
5/9/25,Black Tea,Coffee/Tea,250ml,4,15234,Nowon-gu,Seoul,6789,NEWCUSTOMER,M,30s
5/9/25,Warm Porridge,Soup/Side/Main,200g,2,7567,Yangcheon-gu,Seoul,9012,FRUITPROMO5,F,60s
5/9/25,Steamed Bun,Bakery,6-pack,3,9890,Dobong-gu,Seoul,3456,,M,20s
5/9/25,Soybean Paste Stew,Soup/Side/Main,300g,1,4234,Seongdong-gu,Seoul,7890,WEEKEND20,F,40s
5/10/25,Instant Noodles,Ready Meal/Meal Kit/Salad,1 pc,2,12678,Jongno-gu,Seoul,1234,FRESH10OFF,M,50s
5/10/25,Yuzu Tea,Coffee/Tea,330ml,3,11345,Jung-gu,Seoul,5678,NEWCUSTOMER,F,30s
5/10/25,Hot Steamed Bun,Bakery,10-pack,1,3890,Gangnam-gu,Seoul,8901,FRUITPROMO5,M,60s
5/10/25,Ginger Tea,Coffee/Tea,500ml,4,15567,Guro-gu,Seoul,2345,,F,20s
5/10/25,Udon Kit,Ready Meal/Meal Kit/Salad,300g,2,12234,Geumcheon-gu,Seoul,6789,WEEKEND20,M,40s
5/10/25,Seaweed Soup,Soup/Side/Main,500g,3,10789,Yeongdeungpo-gu,Seoul,9012,FRESH10OFF,F,50s
5/10/25,Walnut Cake,Bakery,1 pc,1,3456,Seodaemun-gu,Seoul,3456,NEWCUSTOMER,M,30s
5/11/25,Bottled Water,Water/Beverage,1L,3,8234,Dongjak-gu,Seoul,7890,FRUITPROMO5,F,60s
5/11/25,Peach,Fruit/Nuts/Rice,500g,2,9567,Gangbuk-gu,Seoul,1234,,M,20s
5/11/25,Cold Noodles,Ready Meal/Meal Kit/Salad,1 pc,4,23890,Gangseo-gu,Seoul,5678,WEEKEND20,F,40s
5/11/25,Jelly,Snacks/Sweets/Rice Cake,200g,1,3789,Jungnang-gu,Seoul,8901,FRESH10OFF,M,50s
5/11/25,Iced Tea,Water/Beverage,250ml,2,5234,Songpa-gu,Seoul,2345,NEWCUSTOMER,F,30s
5/11/25,Octopus,Seafood,300g,3,11678,Mapo-gu,Seoul,6789,FRUITPROMO5,M,60s
5/11/25,Cherry,Fruit/Nuts/Rice,1kg,1,6890,Yongsan-gu,Seoul,9012,,F,20s
5/12/25,Fruit Salad,Ready Meal/Meal Kit/Salad,300g,2,12456,Eunpyeong-gu,Seoul,3456,WEEKEND20,M,40s
5/12/25,Sparkling Water,Water/Beverage,330ml,3,7789,Seongbuk-gu,Seoul,7890,FRESH10OFF,F,50s
5/12/25,Electrolyte Drink,Water/Beverage,500ml,4,9234,Gwanak-gu,Seoul,1234,NEWCUSTOMER,M,30s
5/12/25,Shaved Ice Ingredients,Snacks/Sweets/Rice Cake,1kg,1,4567,Dongdaemun-gu,Seoul,5678,FRUITPROMO5,F,60s
5/12/25,Squid,Seafood,500g,2,7890,Seocho-gu,Seoul,8901,,M,20s
5/12/25,Watermelon,Fruit/Nuts/Rice,2kg,3,18345,Gwangjin-gu,Seoul,2345,WEEKEND20,F,40s
5/12/25,Sashimi,Seafood,200g,1,4234,Nowon-gu,Seoul,6789,FRESH10OFF,M,50s
5/13/25,Fruit Juice,Water/Beverage,1L,2,6678,Yangcheon-gu,Seoul,9012,NEWCUSTOMER,F,30s
5/13/25,Salad Kit,Ready Meal/Meal Kit/Salad,300g,3,17901,Dobong-gu,Seoul,3456,FRUITPROMO5,M,60s
5/13/25,Korean Melon,Fruit/Nuts/Rice,1 pc,4,19234,Seongdong-gu,Seoul,7890,,F,20s
5/13/25,Ice Cream,Snacks/Sweets/Rice Cake,500g,1,3567,Jongno-gu,Seoul,1234,WEEKEND20,M,40s
5/13/25,Shrimp,Seafood,300g,2,8890,Jung-gu,Seoul,5678,FRESH10OFF,F,50s
5/13/25,Bottled Water,Water/Beverage,500ml,3,7123,Gangnam-gu,Seoul,8901,NEWCUSTOMER,M,30s
5/13/25,Grape,Fruit/Nuts/Rice,1kg,1,5456,Guro-gu,Seoul,2345,FRUITPROMO5,F,60s
5/14/25,Iced Tea,Water/Beverage,250ml,2,5789,Geumcheon-gu,Seoul,6789,,M,20s
5/14/25,Cold Noodle Kit,Ready Meal/Meal Kit/Salad,1 pc,3,18234,Yeongdeungpo-gu,Seoul,9012,WEEKEND20,F,40s
5/14/25,Cherry,Fruit/Nuts/Rice,500g,4,18890,Seodaemun-gu,Seoul,3456,FRESH10OFF,M,50s
5/14/25,Jelly,Snacks/Sweets/Rice Cake,200g,1,3234,Dongjak-gu,Seoul,7890,NEWCUSTOMER,F,30s
5/14/25,Clam,Seafood,1kg,2,8567,Gangbuk-gu,Seoul,1234,FRUITPROMO5,M,60s
5/14/25,Electrolyte Drink,Water/Beverage,330ml,3,8123,Gangseo-gu,Seoul,5678,,F,20s
5/14/25,Fruit Salad,Ready Meal/Meal Kit/Salad,300g,1,7456,Jungnang-gu,Seoul,8901,WEEKEND20,M,40s
5/1/25,Moisturizing Cream,Hair/Body/Oral Care,250ml,2,17234,Gangnam-gu,Seoul,6012,SUMMER25,F,30s
5/1/25,Hot Steamed Bun,Bakery,1 pc,1,3890,Seongdong-gu,Seoul,7456,FRESH10OFF,M,40s
5/1/25,Fish-shaped Bread,Bakery,4-pack,3,9567,Dongjak-gu,Seoul,2345,WEEKEND20,F,50s
5/1/25,Hot Steamed Bun,Bakery,6-pack,2,6789,Jongno-gu,Seoul,8901,NEWCUSTOMER,M,60s
5/1/25,Hand Cream,Hair/Body/Oral Care,100ml,1,9234,Jung-gu,Seoul,1234,,F,20s
5/1/25,Seaweed Soup,Soup/Side/Main,500g,4,13678,Guro-gu,Seoul,5678,HEALTHY15,M,30s
5/1/25,Warm Porridge,Soup/Side/Main,200g,2,7890,Geumcheon-gu,Seoul,9012,,F,40s
5/1/25,Seaweed Soup,Soup/Side/Main,300g,3,11234,Yeongdeungpo-gu,Seoul,3456,,M,50s
5/2/25,Omega-3,Health Supplements,1 pc,1,13567,Seodaemun-gu,Seoul,7890,,F,60s
5/2/25,Croissant,Bakery,10-pack,2,6234,Gangbuk-gu,Seoul,1234,,M,20s
5/2/25,Vitamins,Health Supplements,1 pc,3,37890,Gangseo-gu,Seoul,5678,,F,30s
5/2/25,Olive Oil,Noodles/Seasoning/Oil,500ml,1,4567,Jungnang-gu,Seoul,8901,,M,40s
5/2/25,Latte,Coffee/Tea,330ml,2,8123,Songpa-gu,Seoul,2345,,F,50s
5/2/25,Carrot,Vegetables,1kg,4,14789,Mapo-gu,Seoul,6789,,M,60s
5/2/25,Propolis,Health Supplements,250ml,1,11234,Yongsan-gu,Seoul,9012,,F,20s
5/2/25,Muffin,Bakery,4-pack,2,6890,Eunpyeong-gu,Seoul,3456,,M,30s
5/3/25,Lip Balm,Hair/Body/Oral Care,1 pc,1,8567,Seongbuk-gu,Seoul,7890,,F,40s
5/3/25,Ginger Tea,Coffee/Tea,250ml,3,11678,Gwanak-gu,Seoul,1234,,M,50s
5/3/25,Walnut Cake,Bakery,6-pack,2,6345,Dongdaemun-gu,Seoul,5678,,F,60s
5/3/25,Egg,Meat/Processed Meat/Egg,1kg,4,25789,Seocho-gu,Seoul,8901,,M,20s
5/3/25,Warm Soup Kit,Ready Meal/Meal Kit/Salad,300g,1,6234,Gwangjin-gu,Seoul,2345,,F,30s
5/3/25,Kimchi Stew,Soup/Side/Main,1 pc,2,7890,Nowon-gu,Seoul,6789,,M,40s
5/3/25,Chicken,Meat/Processed Meat/Egg,500g,3,19567,Yangcheon-gu,Seoul,9012,,F,50s
5/4/25,Soy Sauce,Noodles/Seasoning/Oil,250ml,1,3456,Dobong-gu,Seoul,3456,,M,60s
5/4/25,Probiotics,Health Supplements,1 pc,2,25890,Seongdong-gu,Seoul,7890,,F,20s
5/4/25,Bagel,Bakery,1 pc,3,9234,Jongno-gu,Seoul,1234,,M,30s
5/4/25,Cabbage,Vegetables,2kg,4,17678,Jung-gu,Seoul,5678,,F,40s
5/4/25,Red Pepper Paste,Noodles/Seasoning/Oil,200g,1,4123,Gangnam-gu,Seoul,8901,,M,50s
5/4/25,Americano,Coffee/Tea,500ml,2,8567,Guro-gu,Seoul,2345,,F,60s
5/4/25,Cheese,Dairy,300g,3,11890,Geumcheon-gu,Seoul,6789,,M,20s
5/5/25,Sesame Oil,Noodles/Seasoning/Oil,100ml,1,5234,Yeongdeungpo-gu,Seoul,9012,,F,30s
5/5/25,Brown Rice,Fruit/Nuts/Rice,1kg,2,9567,Seodaemun-gu,Seoul,3456,,M,40s
5/5/25,Oolong Tea,Coffee/Tea,1L,3,12890,Dongjak-gu,Seoul,7890,,F,50s
5/5/25,Lettuce,Vegetables,200g,4,13234,Gangbuk-gu,Seoul,1234,,M,60s
5/5/25,Soybean Paste,Noodles/Seasoning/Oil,500g,1,4678,Gangseo-gu,Seoul,5678,,F,20s
5/5/25,Mixed Nuts,Fruit/Nuts/Rice,300g,2,9123,Jungnang-gu,Seoul,8901,,M,30s
5/5/25,Yogurt,Dairy,500ml,3,10567,Songpa-gu,Seoul,2345,,F,40s
5/6/25,Cappuccino,Coffee/Tea,250ml,1,4234,Mapo-gu,Seoul,6789,,M,50s
5/6/25,Broccoli,Vegetables,1 pc,2,7890,Yongsan-gu,Seoul,9012,,F,60s
5/6/25,Tangerine,Fruit/Nuts/Rice,1kg,3,13456,Eunpyeong-gu,Seoul,3456,,M,20s
5/6/25,White Bread,Bakery,1 pc,4,12789,Seongbuk-gu,Seoul,7890,,F,30s
5/6/25,Milk,Dairy,1L,1,5123,Gwanak-gu,Seoul,1234,,M,40s
5/6/25,Green Tea,Coffee/Tea,330ml,2,8567,Dongdaemun-gu,Seoul,5678,,F,50s
5/6/25,Onion,Vegetables,500g,3,11234,Seocho-gu,Seoul,8901,,M,60s
5/7/25,Cooling Gel,Hair/Body/Oral Care,100ml,2,17890,Gwangjin-gu,Seoul,2345,,F,20s
5/7/25,Iced Tea,Water/Beverage,500ml,3,7234,Nowon-gu,Seoul,6789,,M,30s
5/7/25,Korean Melon,Fruit/Nuts/Rice,2kg,4,19567,Yangcheon-gu,Seoul,9012,,F,40s
5/7/25,Fruit Jelly,Snacks/Sweets/Rice Cake,300g,1,4890,Dobong-gu,Seoul,3456,,M,50s
5/7/25,Sparkling Water,Water/Beverage,1L,2,5678,Seongdong-gu,Seoul,7890,,F,60s
5/7/25,Sashimi,Seafood,200g,3,11234,Jongno-gu,Seoul,1234,,M,20s
5/7/25,Sunscreen,Hair/Body/Oral Care,250ml,1,9567,Jung-gu,Seoul,5678,,F,30s
5/8/25,Cold Noodles,Ready Meal/Meal Kit/Salad,1 pc,2,12890,Gangnam-gu,Seoul,8901,,M,40s
5/8/25,Cherry,Fruit/Nuts/Rice,500g,3,15234,Guro-gu,Seoul,2345,,F,50s
5/8/25,Shaved Ice Ingredients,Snacks/Sweets/Rice Cake,1kg,4,18567,Geumcheon-gu,Seoul,6789,HEALTHY15,M,60s
5/8/25,Shampoo,Hair/Body/Oral Care,500ml,1,8123,Yeongdeungpo-gu,Seoul,9012,,F,20s
5/8/25,Electrolyte Drink,Water/Beverage,330ml,2,6890,Seodaemun-gu,Seoul,3456,SUMMER25,M,30s
5/8/25,Octopus,Seafood,300g,3,12345,Dongjak-gu,Seoul,7890,FRUITPROMO5,F,40s
5/8/25,Grape,Fruit/Nuts/Rice,1kg,1,5678,Gangbuk-gu,Seoul,1234,FRESH10OFF,M,50s
5/9/25,Warm Body Wash,Hair/Body/Oral Care,250ml,2,17234,Gangseo-gu,Seoul,5678,WEEKEND20,F,60s
5/9/25,Instant Noodles,Ready Meal/Meal Kit/Salad,1 pc,3,18567,Jungnang-gu,Seoul,8901,NEWCUSTOMER,M,20s
5/9/25,Hot Steamed Bun,Bakery,4-pack,1,3890,Songpa-gu,Seoul,2345,HEALTHY15,F,30s
5/9/25,Yuzu Tea,Coffee/Tea,1L,2,8123,Mapo-gu,Seoul,6789,,M,40s
5/9/25,Kimchi Stew Kit,Ready Meal/Meal Kit/Salad,500g,4,23456,Yongsan-gu,Seoul,9012,SUMMER25,F,50s
5/9/25,Beef,Meat/Processed Meat/Egg,300g,1,7890,Eunpyeong-gu,Seoul,3456,FRUITPROMO5,M,60s
5/9/25,Warm Herbal Tea,Coffee/Tea,250ml,3,11567,Seongbuk-gu,Seoul,7890,FRESH10OFF,F,20s
5/1/25,Hand Cream,Hair/Body/Oral Care,100ml,1,9092,Yeongdeungpo-gu,Seoul,9444,SUMMER25,F,50s
5/1/25,Ginger Tea,Coffee/Tea,250ml,3,12462,Guro-gu,Seoul,1372,RAINY10,M,60s
5/1/25,Kimchi Stew Kit,Ready Meal/Meal Kit/Salad,300g,3,17049,Gangdong-gu,Seoul,8786,,M,50s
5/1/25,Moisturizing Cream,Hair/Body/Oral Care,1 pc,1,9051,Seongdong-gu,Seoul,6805,RAINY10,F,30s
5/1/25,Chicken,Meat/Processed Meat/Egg,200g,1,7838,Gwangjin-gu,Seoul,9918,NEWCUSTOMER,M,30s
5/1/25,Ginger Tea,Coffee/Tea,330ml,2,7619,Dongjak-gu,Seoul,6666,NEWCUSTOMER,F,40s
5/1/25,Kimchi Stew Kit,Ready Meal/Meal Kit/Salad,300g,1,6148,Yangcheon-gu,Seoul,8382,HEALTHY15,M,20s
5/1/25,Kimchi Stew Kit,Ready Meal/Meal Kit/Salad,200g,1,5941,Gangbuk-gu,Seoul,6044,WEEKEND20,M,60s
5/2/25,Cabbage,Vegetables,1 pc,2,7186,Seongdong-gu,Seoul,8191,WEEKEND20,M,20s
5/2/25,Tangerine,Fruit/Nuts/Rice,2kg,4,18650,Dongjak-gu,Seoul,3605,HEALTHY15,F,30s
5/2/25,Carrot,Vegetables,500g,3,9393,Songpa-gu,Seoul,2520,FRESH10OFF,M,50s
5/2/25,Vitamins,Health Supplements,500ml,4,49096,Yongsan-gu,Seoul,4368,,M,50s
5/2/25,Omega-3,Health Supplements,500ml,4,48553,Nowon-gu,Seoul,2380,SUMMER25,M,30s
5/2/25,Bagel,Bakery,6-pack,4,13053,Yeongdeungpo-gu,Seoul,2829,FRUITPROMO5,M,30s
5/2/25,Americano,Coffee/Tea,500ml,1,4795,Dongdaemun-gu,Seoul,7456,NEWCUSTOMER,F,30s
5/2/25,Cappuccino,Coffee/Tea,250ml,3,10636,Seongdong-gu,Seoul,2568,FRUITPROMO5,F,50s
5/3/25,Steamed Bun,Bakery,10-pack,4,12368,Seongbuk-gu,Seoul,1562,HEALTHY15,M,20s
5/3/25,Ham,Meat/Processed Meat/Egg,500g,2,13062,Gwanak-gu,Seoul,6331,FRUITPROMO5,M,50s
5/3/25,Warm Body Wash,Hair/Body/Oral Care,1 pc,4,32211,Gwangjin-gu,Seoul,5882,HEALTHY15,M,50s
5/3/25,Kimchi Stew Kit,Ready Meal/Meal Kit/Salad,1kg,4,22144,Seocho-gu,Seoul,4496,NEWCUSTOMER,F,30s
5/3/25,Lip Balm,Hair/Body/Oral Care,250ml,1,9815,Guro-gu,Seoul,8426,WEEKEND20,F,50s
5/3/25,Black Tea,Coffee/Tea,330ml,2,7028,Gangseo-gu,Seoul,7724,WEEKEND20,M,40s
5/3/25,Moisturizing Cream,Hair/Body/Oral Care,250ml,1,8292,Jungnang-gu,Seoul,8322,WEEKEND20,M,30s
5/4/25,Mixed Nuts,Fruit/Nuts/Rice,2kg,1,4696,Eunpyeong-gu,Seoul,7290,SUMMER25,F,30s
5/4/25,Soybean Paste,Noodles/Seasoning/Oil,200g,3,9806,Guro-gu,Seoul,8853,RAINY10,F,30s
5/4/25,Oolong Tea,Coffee/Tea,250ml,3,11080,Dongdaemun-gu,Seoul,9022,RAINY10,F,30s
5/4/25,Green Tea,Coffee/Tea,1L,3,12129,Seodaemun-gu,Seoul,9704,FRUITPROMO5,F,30s
5/4/25,Lettuce,Vegetables,1kg,1,4951,Dongjak-gu,Seoul,9291,NEWCUSTOMER,M,30s
5/4/25,Latte,Coffee/Tea,330ml,1,5180,Yongsan-gu,Seoul,6729,SUMMER25,M,50s
5/4/25,Croissant,Bakery,4-pack,3,9310,Gwangjin-gu,Seoul,4619,RAINY10,M,20s
5/5/25,White Bread,Bakery,6-pack,1,3584,Dobong-gu,Seoul,4604,WEEKEND20,F,30s
5/5/25,Cabbage,Vegetables,300g,3,10109,Seongbuk-gu,Seoul,1582,NEWCUSTOMER,F,40s
5/5/25,Milk,Dairy,200g,3,10429,Dongdaemun-gu,Seoul,8361,FRUITPROMO5,F,30s
5/5/25,Scone,Bakery,1 pc,1,3046,Geumcheon-gu,Seoul,8999,SUMMER25,M,60s
5/5/25,Butter,Dairy,1kg,3,9228,Dongdaemun-gu,Seoul,1177,RAINY10,F,30s
5/5/25,Soybean Paste,Noodles/Seasoning/Oil,1 pc,2,6002,Dongdaemun-gu,Seoul,4647,FRUITPROMO5,M,50s
5/5/25,Lettuce,Vegetables,500g,4,13990,Gangbuk-gu,Seoul,7797,,F,40s
5/6/25,Green Tea,Coffee/Tea,1L,2,7565,Geumcheon-gu,Seoul,7532,,F,40s
5/6/25,Americano,Coffee/Tea,330ml,2,7851,Jongno-gu,Seoul,3727,,M,40s
5/6/25,Tangerine,Fruit/Nuts/Rice,500g,3,13863,Jung-gu,Seoul,1567,,F,60s
5/6/25,Soy Sauce,Noodles/Seasoning/Oil,1 pc,1,3841,Seongbuk-gu,Seoul,9999,,M,40s
5/6/25,Butter,Dairy,1 pc,1,3187,Gangdong-gu,Seoul,4457,,F,30s
5/6/25,Brown Rice,Fruit/Nuts/Rice,2kg,3,12750,Gangnam-gu,Seoul,6805,,F,50s
5/6/25,Apple,Fruit/Nuts/Rice,2kg,2,9247,Seodaemun-gu,Seoul,1356,,F,20s
5/7/25,Fruit Jelly,Snacks/Sweets/Rice Cake,1kg,5,16076,Jung-gu,Seoul,7479,,F,50s
5/7/25,Bottled Water,Water/Beverage,330ml,3,7809,Seocho-gu,Seoul,4115,,M,20s
5/7/25,Shaved Ice Ingredients,Snacks/Sweets/Rice Cake,300g,4,13348,Gangdong-gu,Seoul,7189,,M,20s
5/7/25,Sparkling Water,Water/Beverage,1L,4,9037,Songpa-gu,Seoul,6709,,M,60s
5/7/25,Electrolyte Drink,Water/Beverage,330ml,2,5829,Eunpyeong-gu,Seoul,9521,,F,50s
5/7/25,Salad Kit,Ready Meal/Meal Kit/Salad,1kg,2,12545,Dobong-gu,Seoul,4286,,M,60s
5/7/25,Watermelon,Fruit/Nuts/Rice,2kg,2,9482,Gwangjin-gu,Seoul,6474,,M,20s
5/8/25,Grape,Fruit/Nuts/Rice,1kg,5,22040,Yangcheon-gu,Seoul,8886,,F,50s
5/8/25,Octopus,Seafood,1kg,3,10375,Gwangjin-gu,Seoul,9382,,F,30s
5/8/25,Watermelon,Fruit/Nuts/Rice,1kg,3,14319,Yeongdeungpo-gu,Seoul,1825,,F,30s
5/8/25,Cherry,Fruit/Nuts/Rice,1kg,3,13845,Jungnang-gu,Seoul,3052,,F,40s
5/8/25,Jelly,Snacks/Sweets/Rice Cake,300g,5,15404,Gangnam-gu,Seoul,5754,,M,50s
5/8/25,Body Mist,Hair/Body/Oral Care,250ml,2,17241,Dobong-gu,Seoul,5304,,M,60s
5/8/25,Ice Cream,Snacks/Sweets/Rice Cake,200g,4,13280,Dongdaemun-gu,Seoul,3605,,M,30s
5/9/25,Ham,Meat/Processed Meat/Egg,200g,3,18804,Seocho-gu,Seoul,7025,,F,60s
5/9/25,Chicken,Meat/Processed Meat/Egg,1kg,1,6004,Eunpyeong-gu,Seoul,2658,,F,40s
5/9/25,Udon Kit,Ready Meal/Meal Kit/Salad,200g,2,11431,Dobong-gu,Seoul,9335,,F,60s
5/9/25,Kimchi Stew,Soup/Side/Main,1 pc,3,10041,Dongdaemun-gu,Seoul,9299,,F,30s
5/9/25,Seaweed Soup,Soup/Side/Main,1kg,4,12481,Gwanak-gu,Seoul,2606,,F,50s
5/9/25,Kimchi Stew Kit,Ready Meal/Meal Kit/Salad,500g,2,12335,Gwangjin-gu,Seoul,4135,,M,30s
5/9/25,Seaweed Soup,Soup/Side/Main,200g,2,6434,Gangnam-gu,Seoul,7953,,F,30s
5/10/25,Ham,Meat/Processed Meat/Egg,300g,3,18448,Yangcheon-gu,Seoul,7743,,M,50s
5/10/25,Ham,Meat/Processed Meat/Egg,300g,4,24668,Jungnang-gu,Seoul,2908,,F,60s
5/10/25,Steamed Bun,Bakery,6-pack,4,12041,Seocho-gu,Seoul,4971,,M,50s
5/10/25,Egg,Meat/Processed Meat/Egg,1kg,2,12171,Seongdong-gu,Seoul,3652,,F,20s
5/10/25,Soybean Paste Stew,Soup/Side/Main,1 pc,2,7580,Gwanak-gu,Seoul,7763,,M,20s
5/10/25,Black Tea,Coffee/Tea,500ml,3,10635,Mapo-gu,Seoul,6113,,F,20s
5/10/25,Lip Balm,Hair/Body/Oral Care,100ml,4,33724,Jung-gu,Seoul,9166,,M,50s
5/11/25,Jelly,Snacks/Sweets/Rice Cake,300g,4,13067,Gwangjin-gu,Seoul,1557,,M,60s
5/11/25,Cherry,Fruit/Nuts/Rice,1kg,1,5144,Dongjak-gu,Seoul,3118,,F,20s
5/11/25,Electrolyte Drink,Water/Beverage,500ml,4,9171,Seocho-gu,Seoul,6342,,M,30s
5/11/25,Peach,Fruit/Nuts/Rice,500g,1,5522,Gangdong-gu,Seoul,6538,,F,50s
5/11/25,Body Mist,Hair/Body/Oral Care,250ml,2,17271,Gangseo-gu,Seoul,3887,,M,50s
5/11/25,Korean Melon,Fruit/Nuts/Rice,500g,2,10056,Geumcheon-gu,Seoul,5236,,F,20s
5/11/25,Cold Noodle Kit,Ready Meal/Meal Kit/Salad,500g,4,23374,Gangseo-gu,Seoul,6797,,F,40s
5/12/25,Korean Melon,Fruit/Nuts/Rice,2kg,5,22917,Geumcheon-gu,Seoul,1151,,F,20s
5/12/25,Peach,Fruit/Nuts/Rice,2kg,2,10323,Gangdong-gu,Seoul,8328,,M,20s
5/12/25,Grape,Fruit/Nuts/Rice,2kg,3,13830,Seodaemun-gu,Seoul,1948,,F,60s
5/12/25,Fruit Salad,Ready Meal/Meal Kit/Salad,200g,4,22701,Eunpyeong-gu,Seoul,4591,,F,40s
5/12/25,Sparkling Water,Water/Beverage,1L,4,9826,Jung-gu,Seoul,2540,,M,60s
5/12/25,Grape,Fruit/Nuts/Rice,1kg,2,8766,Eunpyeong-gu,Seoul,4359,,M,30s
5/12/25,Jelly,Snacks/Sweets/Rice Cake,1 pc,4,13067,Jung-gu,Seoul,7877,,M,50s
5/13/25,Jelly,Snacks/Sweets/Rice Cake,1 pc,4,12705,Gangbuk-gu,Seoul,6057,,M,50s
5/13/25,Sashimi,Seafood,500g,3,9902,Dobong-gu,Seoul,9558,,F,60s
5/13/25,Shrimp,Seafood,300g,5,15449,Gangnam-gu,Seoul,8963,,F,20s
5/13/25,Cold Noodles,Ready Meal/Meal Kit/Salad,200g,5,27636,Dongjak-gu,Seoul,2752,,M,20s
5/13/25,Salad Kit,Ready Meal/Meal Kit/Salad,300g,2,12841,Seongdong-gu,Seoul,3224,,F,40s
5/13/25,Fruit Salad,Ready Meal/Meal Kit/Salad,500g,4,22837,Dongjak-gu,Seoul,9195,,F,30s
5/13/25,Cherry,Fruit/Nuts/Rice,1 pc,3,13526,Seodaemun-gu,Seoul,6984,,F,30s
5/14/25,Salad Kit,Ready Meal/Meal Kit/Salad,300g,4,23324,Yangcheon-gu,Seoul,8118,,F,60s
5/14/25,Cooling Gel,Hair/Body/Oral Care,500ml,5,40470,Gwangjin-gu,Seoul,1386,,F,50s
5/14/25,Shampoo,Hair/Body/Oral Care,250ml,3,25895,Mapo-gu,Seoul,7169,,F,60s
5/14/25,Sunscreen,Hair/Body/Oral Care,1 pc,2,17541,Songpa-gu,Seoul,2752,,M,20s
5/14/25,Ice Cream,Snacks/Sweets/Rice Cake,1kg,3,10202,Gangdong-gu,Seoul,9192,,F,40s
5/14/25,Fruit Juice,Water/Beverage,330ml,5,11887,Yangcheon-gu,Seoul,7455,,F,20s
5/14/25,Sashimi,Seafood,300g,3,10723,Geumcheon-gu,Seoul,3777,,M,20s
5/1/25,Instant Noodles,Ready Meal/Meal Kit/Salad,1 pc,5,30295,Seocho-gu,Seoul,2274,,F,20s
5/1/25,Fried Rice Kit,Ready Meal/Meal Kit/Salad,150g,3,18717,Yeongdeungpo-gu,Seoul,2439,,F,30s
5/1/25,Soybean Paste Stew,Soup/Side/Main,1kg,2,6430,Gangdong-gu,Seoul,9216,,M,20s
5/1/25,Yuzu Tea,Coffee/Tea,250ml,2,9440,Mapo-gu,Seoul,2226,,F,50s
5/1/25,Beef,Meat/Processed Meat/Egg,150g,4,27115,Guro-gu,Seoul,5214,,F,50s
5/1/25,Cafe Latte,Coffee/Tea,355ml,2,7755,Gwanak-gu,Seoul,9088,,F,40s
5/1/25,Udon Kit,Ready Meal/Meal Kit/Salad,1kg,4,25174,Seongbuk-gu,Seoul,9352,,F,60s
5/1/25,Warm Soup Kit,Ready Meal/Meal Kit/Salad,1kg,4,25792,Jungnang-gu,Seoul,3100,,M,50s
5/2/25,Cheese,Dairy,500g,3,10490,Jung-gu,Seoul,2044,,M,30s
5/2/25,Croissant,Bakery,1 pc,3,9745,Gwanak-gu,Seoul,7274,,M,60s
5/2/25,Latte,Coffee/Tea,1L,2,9637,Dongjak-gu,Seoul,4574,,M,40s
5/2/25,Croissant,Bakery,6-pack,4,13378,Gangbuk-gu,Seoul,8241,,F,30s
5/2/25,Soybean Paste,Noodles/Seasoning/Oil,1kg,3,10342,Yangcheon-gu,Seoul,2911,,F,40s
5/2/25,Butter,Dairy,150g,5,15794,Gangbuk-gu,Seoul,2234,,M,60s
5/2/25,Scone,Bakery,10-pack,3,10341,Geumcheon-gu,Seoul,2830,,M,50s
5/2/25,Tangerine,Fruit/Nuts/Rice,1kg,3,15811,Mapo-gu,Seoul,5960,,M,60s
5/3/25,Udon Kit,Ready Meal/Meal Kit/Salad,200g,2,13156,Eunpyeong-gu,Seoul,9977,,F,20s
5/3/25,Kimchi Stew,Soup/Side/Main,200g,2,8206,Eunpyeong-gu,Seoul,8379,,F,50s
5/3/25,Steamed Bun,Bakery,6-pack,5,17737,Gangbuk-gu,Seoul,8364,,M,20s
5/3/25,Mocha,Coffee/Tea,500ml,1,3909,Seongdong-gu,Seoul,6196,,M,30s
5/3/25,Fried Rice Kit,Ready Meal/Meal Kit/Salad,300g,1,7645,Gangdong-gu,Seoul,1329,,M,40s
5/3/25,Fried Rice Kit,Ready Meal/Meal Kit/Salad,1 pc,3,18037,Guro-gu,Seoul,6562,,M,50s
5/3/25,Hand Cream,Hair/Body/Oral Care,30 tablets,4,34589,Dongdaemun-gu,Seoul,8852,,M,40s
5/4/25,Cappuccino,Coffee/Tea,500ml,3,11928,Songpa-gu,Seoul,8338,,F,60s
5/4/25,Apple,Fruit/Nuts/Rice,2kg,5,24983,Eunpyeong-gu,Seoul,3898,,M,40s
5/4/25,Vitamins,Health Supplements,100ml,1,13174,Geumcheon-gu,Seoul,3955,,M,20s
5/4/25,Cheese,Dairy,1kg,4,13651,Gangbuk-gu,Seoul,4957,SUMMER25,F,20s
5/4/25,Yogurt,Dairy,1 pc,4,12441,Jungnang-gu,Seoul,8159,,M,40s
5/4/25,Bagel,Bakery,12-pack,4,14635,Yangcheon-gu,Seoul,2090,FRESH10OFF,F,30s
5/4/25,White Rice,Fruit/Nuts/Rice,500g,1,6613,Seongdong-gu,Seoul,8953,NEWCUSTOMER,M,40s
5/5/25,Butter,Dairy,1kg,1,4141,Seodaemun-gu,Seoul,2086,NEWCUSTOMER,M,60s
5/5/25,White Rice,Fruit/Nuts/Rice,500g,5,22835,Nowon-gu,Seoul,5198,HEALTHY15,F,60s
5/5/25,White Bread,Bakery,6-pack,3,11324,Gangbuk-gu,Seoul,3276,FRESH10OFF,M,30s
5/5/25,Spinach,Vegetables,150g,2,6295,Gangbuk-gu,Seoul,7870,FRESH10OFF,M,50s
5/5/25,Lettuce,Vegetables,1 pc,1,3364,Nowon-gu,Seoul,2271,NEWCUSTOMER,M,40s
5/5/25,Propolis,Health Supplements,100ml,1,13141,Gangdong-gu,Seoul,2687,SUMMER25,M,20s
5/5/25,Croissant,Bakery,6-pack,1,3714,Eunpyeong-gu,Seoul,8646,SUMMER25,F,30s
5/6/25,Scone,Bakery,10-pack,4,12858,Gwanak-gu,Seoul,8714,HEALTHY15,F,20s
5/6/25,Soy Sauce,Noodles/Seasoning/Oil,300g,1,4693,Gwanak-gu,Seoul,5286,FRUITPROMO5,M,30s
5/6/25,Propolis,Health Supplements,30 tablets,3,40271,Yangcheon-gu,Seoul,3247,FRESH10OFF,M,60s
5/6/25,Cappuccino,Coffee/Tea,250ml,5,19312,Seongbuk-gu,Seoul,7610,FRESH10OFF,F,50s
5/6/25,Tangerine,Fruit/Nuts/Rice,1 pc,1,6896,Dobong-gu,Seoul,7015,FRUITPROMO5,M,30s
5/6/25,Mixed Nuts,Fruit/Nuts/Rice,1kg,2,10095,Dongdaemun-gu,Seoul,3214,WEEKEND20,F,40s
5/6/25,Sesame Oil,Noodles/Seasoning/Oil,150g,4,14263,Dongjak-gu,Seoul,6484,,F,60s
5/7/25,Popsicle,Snacks/Sweets/Rice Cake,1 pc,4,13194,Yeongdeungpo-gu,Seoul,2657,HEALTHY15,F,30s
5/7/25,Bottled Water,Water/Beverage,355ml,3,8983,Gwangjin-gu,Seoul,3968,FRESH10OFF,M,50s
5/7/25,Shampoo,Hair/Body/Oral Care,150g,4,35182,Yongsan-gu,Seoul,9380,,M,30s
5/7/25,Ice Cream,Snacks/Sweets/Rice Cake,300g,5,15552,Gangdong-gu,Seoul,3798,SPRING15,F,20s
5/7/25,Shrimp,Seafood,355ml,2,16003,Seongdong-gu,Seoul,7693,RAINY10,M,40s
5/7/25,Jelly,Snacks/Sweets/Rice Cake,6-pack,5,17390,Yongsan-gu,Seoul,8659,SUMMER25,M,60s
5/7/25,Peach,Fruit/Nuts/Rice,500g,4,20122,Mapo-gu,Seoul,7476,SUMMER25,F,20s
5/8/25,Body Mist,Hair/Body/Oral Care,100ml,3,27604,Songpa-gu,Seoul,5143,FRESH10OFF,F,50s
5/8/25,Popsicle,Snacks/Sweets/Rice Cake,1 pc,6,19873,Gangbuk-gu,Seoul,9413,SUMMER25,F,20s
5/8/25,Cold Noodle Kit,Ready Meal/Meal Kit/Salad,150g,6,37427,Dobong-gu,Seoul,9266,HEALTHY15,M,60s
5/8/25,Sunscreen,Hair/Body/Oral Care,1 pc,6,51392,Gangdong-gu,Seoul,3280,RAINY10,F,20s
5/8/25,Shaved Ice Ingredients,Snacks/Sweets/Rice Cake,200g,2,6928,Gwanak-gu,Seoul,5483,WEEKEND20,F,50s
5/8/25,Salad Kit,Ready Meal/Meal Kit/Salad,200g,2,12749,Yangcheon-gu,Seoul,3864,,M,40s
5/8/25,Electrolyte Drink,Water/Beverage,500ml,3,7933,Dongjak-gu,Seoul,9914,,F,60s
5/9/25,Lip Balm,Hair/Body/Oral Care,500ml,4,35059,Eunpyeong-gu,Seoul,8717,,M,40s
5/9/25,Hand Cream,Hair/Body/Oral Care,250ml,3,26976,Seongbuk-gu,Seoul,4670,,M,60s
5/9/25,Warm Herbal Tea,Coffee/Tea,355ml,2,9239,Jongno-gu,Seoul,1997,,M,40s
5/9/25,Chicken,Meat/Processed Meat/Egg,150g,4,26035,Jung-gu,Seoul,8606,,M,20s
5/9/25,Warm Porridge,Soup/Side/Main,1 pc,1,3620,Seongdong-gu,Seoul,8150,,M,30s
5/9/25,Ham,Meat/Processed Meat/Egg,300g,4,28350,Jungnang-gu,Seoul,9083,,F,60s
5/9/25,Ham,Meat/Processed Meat/Egg,300g,3,20575,Seongdong-gu,Seoul,1180,,M,40s
5/10/25,Warm Porridge,Soup/Side/Main,500g,3,11198,Nowon-gu,Seoul,4419,,M,30s
5/10/25,Egg,Meat/Processed Meat/Egg,500g,2,14031,Geumcheon-gu,Seoul,8071,,M,40s
5/10/25,Warm Soup Kit,Ready Meal/Meal Kit/Salad,200g,2,12893,Guro-gu,Seoul,3600,,F,50s
5/10/25,Mocha,Coffee/Tea,250ml,3,12558,Gangseo-gu,Seoul,3343,,F,50s
5/10/25,Seaweed Soup,Soup/Side/Main,150g,3,10579,Dongjak-gu,Seoul,3457,,F,40s
5/10/25,Warm Body Wash,Hair/Body/Oral Care,100ml,1,8542,Gangseo-gu,Seoul,7671,,F,40s
5/10/25,Warm Soup Kit,Ready Meal/Meal Kit/Salad,200g,5,32057,Gangnam-gu,Seoul,2910,,M,20s
5/11/25,Cold Noodle Kit,Ready Meal/Meal Kit/Salad,250ml,5,31400,Jungnang-gu,Seoul,7448,,M,60s
5/11/25,Electrolyte Drink,Water/Beverage,355ml,1,3048,Mapo-gu,Seoul,9515,,F,20s
5/11/25,Melon,Fruit/Nuts/Rice,1kg,5,24691,Dongdaemun-gu,Seoul,7702,,M,60s
5/11/25,Cooling Gel,Hair/Body/Oral Care,1 pc,4,35086,Dongdaemun-gu,Seoul,6029,,F,20s
5/11/25,Fruit Juice,Water/Beverage,1L,5,14985,Dongdaemun-gu,Seoul,1330,,F,30s
5/11/25,Jelly,Snacks/Sweets/Rice Cake,500ml,4,16692,Seodaemun-gu,Seoul,2898,,M,40s
5/11/25,Bottled Water,Water/Beverage,300g,1,3262,Dobong-gu,Seoul,4701,,M,60s
5/12/25,Cold Pasta,Ready Meal/Meal Kit/Salad,500g,6,36483,Dongdaemun-gu,Seoul,6759,,F,50s
5/12/25,Cold Noodle Kit,Ready Meal/Meal Kit/Salad,200g,4,24061,Eunpyeong-gu,Seoul,7519,,M,30s
5/12/25,Watermelon,Fruit/Nuts/Rice,500g,3,15988,Jongno-gu,Seoul,4371,,M,40s
5/12/25,Clam,Seafood,300g,4,29667,Dobong-gu,Seoul,4333,,F,60s
5/12/25,Jelly,Snacks/Sweets/Rice Cake,150g,4,12182,Gangdong-gu,Seoul,8702,,F,60s
5/12/25,Ice Cream,Snacks/Sweets/Rice Cake,200g,2,8327,Yangcheon-gu,Seoul,7474,RAINY10,M,40s
5/12/25,Jelly,Snacks/Sweets/Rice Cake,500g,3,10687,Eunpyeong-gu,Seoul,2094,FRUITPROMO5,F,50s
5/13/25,Octopus,Seafood,300g,3,23308,Jongno-gu,Seoul,5992,FRUITPROMO5,F,20s
5/13/25,Body Mist,Hair/Body/Oral Care,1 pc,2,17044,Gwangjin-gu,Seoul,5447,HEALTHY15,M,30s
5/13/25,Fruit Salad,Ready Meal/Meal Kit/Salad,1kg,3,20062,Seodaemun-gu,Seoul,5469,FRUITPROMO5,M,60s
5/13/25,Clam,Seafood,200g,4,28021,Gwanak-gu,Seoul,9392,FRUITPROMO5,F,40s
5/13/25,Watermelon,Fruit/Nuts/Rice,1 pc,5,24035,Seodaemun-gu,Seoul,2751,FRUITPROMO5,M,60s
5/13/25,Cooling Gel,Hair/Body/Oral Care,1 pc,4,34262,Eunpyeong-gu,Seoul,3183,FRESH10OFF,F,20s
5/13/25,Cold Noodles,Ready Meal/Meal Kit/Salad,200g,3,20494,Guro-gu,Seoul,8174,NEWCUSTOMER,F,60s
5/14/25,Sunscreen,Hair/Body/Oral Care,1 pc,5,42707,Gangnam-gu,Seoul,1477,FRUITPROMO5,M,20s
5/14/25,Iced Tea,Water/Beverage,1L,4,11991,Gangnam-gu,Seoul,4932,SUMMER25,M,20s
5/14/25,Cold Noodle Kit,Ready Meal/Meal Kit/Salad,1kg,5,32391,Mapo-gu,Seoul,5300,FRUITPROMO5,M,60s
5/14/25,Fruit Salad,Ready Meal/Meal Kit/Salad,500g,3,19275,Yeongdeungpo-gu,Seoul,2715,,F,20s
5/14/25,Sparkling Water,Water/Beverage,355ml,4,11581,Yeongdeungpo-gu,Seoul,7831,SPRING15,M,50s
5/14/25,Sports Drink,Water/Beverage,330ml,6,16546,Seodaemun-gu,Seoul,6879,FRESH10OFF,M,30s
5/14/25,Shrimp,Seafood,1 pc,5,36949,Guro-gu,Seoul,5363,,M,20s
5/1/25,Sausage,Meat/Processed Meat/Egg,250g,1,8854,Gangdong-gu,Seoul,7763,RAINY10,F,30s
5/1/25,Pork Bone Soup,Soup/Side/Main,250g,3,11415,Seodaemun-gu,Seoul,1208,FRUITPROMO5,F,60s
5/1/25,Beef Bone Soup Kit,Ready Meal/Meal Kit/Salad,250g,5,33724,Yeongdeungpo-gu,Seoul,3088,FRESH10OFF,F,20s
5/1/25,Warm Soup Kit,Ready Meal/Meal Kit/Salad,300g,4,28919,Mapo-gu,Seoul,8434,,M,30s
5/1/25,Walnut Cake,Bakery,6-pack,4,13843,Jungnang-gu,Seoul,6075,RAINY10,M,50s
5/1/25,Chicken,Meat/Processed Meat/Egg,200g,3,22306,Gangseo-gu,Seoul,8976,WEEKEND20,F,30s
5/1/25,Cream Bread,Bakery,10-pack,3,12630,Gangnam-gu,Seoul,7876,SPRING15,F,60s
5/1/25,Hand Cream,Hair/Body/Oral Care,250ml,4,36694,Gwanak-gu,Seoul,7603,NEWCUSTOMER,M,60s
5/2/25,White Bread,Bakery,2-pack,5,19646,Gangdong-gu,Seoul,2060,NEWCUSTOMER,M,30s
5/2/25,Cabbage,Vegetables,1kg,5,16826,Gangdong-gu,Seoul,5584,FRUITPROMO5,M,30s
5/2/25,Scone,Bakery,12-pack,4,14529,Seongbuk-gu,Seoul,5463,RAINY10,F,30s
5/2/25,Butter,Dairy,500g,1,3810,Dongjak-gu,Seoul,9629,FRUITPROMO5,M,20s
5/2/25,Muffin,Bakery,10-pack,5,17516,Jongno-gu,Seoul,9487,,F,30s
5/2/25,Green Tea,Coffee/Tea,180ml,2,8206,Dobong-gu,Seoul,6139,GOURMET20,M,20s
5/2/25,Cream Cheese,Dairy,150g,3,11791,Jongno-gu,Seoul,1560,HEALTHY15,F,40s
5/2/25,Green Tea,Coffee/Tea,180ml,5,22211,Geumcheon-gu,Seoul,7884,FRUITPROMO5,M,40s
5/3/25,Americano,Coffee/Tea,500ml,5,21518,Seongdong-gu,Seoul,9398,SPRING15,F,60s
5/3/25,Bacon,Meat/Processed Meat/Egg,200g,4,29112,Dobong-gu,Seoul,4246,SUMMER25,F,60s
5/3/25,Red Bean Bread,Bakery,6-pack,2,9182,Gangseo-gu,Seoul,3234,HEALTHY15,M,40s
5/3/25,Warm Soup Kit,Ready Meal/Meal Kit/Salad,1 pc,2,14981,Gangnam-gu,Seoul,2114,RAINY10,F,60s
5/3/25,Mocha,Coffee/Tea,1L,2,10207,Yangcheon-gu,Seoul,4390,SUMMER25,F,50s
5/3/25,Walnut Cake,Bakery,12-pack,5,18531,Gangbuk-gu,Seoul,4637,NEWCUSTOMER,M,50s
5/3/25,Udon Kit,Ready Meal/Meal Kit/Salad,300g,4,27401,Dongdaemun-gu,Seoul,9920,FRESH10OFF,M,30s
5/4/25,Butter,Dairy,500g,1,3786,Dobong-gu,Seoul,6367,WEEKEND20,M,30s
5/4/25,Butter,Dairy,150g,2,7457,Dongdaemun-gu,Seoul,4538,SPRING15,F,60s
5/4/25,Carrot,Vegetables,500g,3,11324,Dongjak-gu,Seoul,3103,SPRING15,M,20s
5/4/25,Greek Yogurt,Dairy,1 pc,1,6105,Jungnang-gu,Seoul,2754,HEALTHY15,F,60s
5/4/25,Pear,Fruit/Nuts/Rice,1 pc,4,20924,Gangseo-gu,Seoul,7743,GOURMET20,M,20s
5/4/25,Mayonnaise,Noodles/Seasoning/Oil,500g,5,17952,Nowon-gu,Seoul,4755,NEWCUSTOMER,F,30s
5/4/25,Tangerine,Fruit/Nuts/Rice,3kg,3,16153,Mapo-gu,Seoul,6988,FRUITPROMO5,M,20s
5/5/25,Ketchup,Noodles/Seasoning/Oil,1kg,1,4719,Songpa-gu,Seoul,5025,RAINY10,M,20s
5/5/25,Pastry,Bakery,1 pc,1,4427,Dobong-gu,Seoul,8466,FRUITPROMO5,F,50s
5/5/25,Cream Cheese,Dairy,1 pc,3,11550,Seodaemun-gu,Seoul,8316,FRUITPROMO5,F,40s
5/5/25,Apple,Fruit/Nuts/Rice,500g,1,5739,Gangbuk-gu,Seoul,1118,WEEKEND20,F,50s
5/5/25,Cabbage,Vegetables,1kg,1,3742,Yongsan-gu,Seoul,3315,GOURMET20,F,40s
5/5/25,Oatmeal,Fruit/Nuts/Rice,2 pc,3,16039,Jung-gu,Seoul,2268,SPRING15,F,30s
5/5/25,Bell Pepper,Vegetables,300g,5,17529,Guro-gu,Seoul,7306,GOURMET20,F,30s
5/6/25,Cheese,Dairy,150g,4,15716,Gwanak-gu,Seoul,5819,FRUITPROMO5,M,50s
5/6/25,Greek Yogurt,Dairy,200g,4,13160,Songpa-gu,Seoul,7670,HEALTHY15,M,60s
5/6/25,Greek Yogurt,Dairy,200g,3,12551,Jung-gu,Seoul,5861,,M,60s
5/6/25,Propolis,Health Supplements,30 tablets,4,56595,Seongdong-gu,Seoul,5024,NEWCUSTOMER,M,30s
5/6/25,Spinach,Vegetables,1 pc,5,16292,Jongno-gu,Seoul,5163,GOURMET20,F,20s
5/6/25,Lettuce,Vegetables,1kg,2,7767,Seongdong-gu,Seoul,9399,NEWCUSTOMER,M,60s
5/6/25,Lettuce,Vegetables,1 pc,2,7896,Jungnang-gu,Seoul,4366,FRUITPROMO5,F,60s
5/7/25,Electrolyte Drink,Water/Beverage,1 pc,3,9943,Jung-gu,Seoul,2692,,F,40s
5/7/25,Salmon,Seafood,250g,2,17632,Yangcheon-gu,Seoul,7343,WEEKEND20,F,40s
5/7/25,Popsicle,Snacks/Sweets/Rice Cake,6-pack,5,17878,Yeongdeungpo-gu,Seoul,5782,WEEKEND20,F,50s
5/7/25,Cold Noodle Kit,Ready Meal/Meal Kit/Salad,250g,1,8261,Jung-gu,Seoul,4262,SPRING15,M,30s
5/7/25,Ice Cream,Snacks/Sweets/Rice Cake,500g,5,17030,Yangcheon-gu,Seoul,9926,HEALTHY15,F,40s
5/7/25,Sparkling Water,Water/Beverage,500ml,4,12505,Jungnang-gu,Seoul,3420,WEEKEND20,M,20s
5/7/25,Popsicle,Snacks/Sweets/Rice Cake,355ml,5,17802,Songpa-gu,Seoul,9454,RAINY10,M,30s
5/8/25,Coconut Water,Water/Beverage,180ml,5,14764,Dongjak-gu,Seoul,1913,WEEKEND20,M,50s
5/8/25,Cleanser,Hair/Body/Oral Care,60 tablets,2,20174,Mapo-gu,Seoul,7263,GOURMET20,M,30s
5/8/25,Coconut Water,Water/Beverage,250ml,5,14695,Gwanak-gu,Seoul,6081,WEEKEND20,F,40s
5/8/25,Fruit Juice,Water/Beverage,250ml,5,15800,Nowon-gu,Seoul,7626,RAINY10,M,30s
5/8/25,Mango,Fruit/Nuts/Rice,1 pc,5,25058,Yangcheon-gu,Seoul,3257,GOURMET20,M,30s
5/8/25,Salmon,Seafood,1 pc,2,16286,Seodaemun-gu,Seoul,2884,SUMMER25,M,30s
5/8/25,Cold Pasta,Ready Meal/Meal Kit/Salad,150g,3,22379,Yeongdeungpo-gu,Seoul,3101,RAINY10,M,50s
5/9/25,Walnut Cake,Bakery,10-pack,2,7895,Jung-gu,Seoul,3333,FRESH10OFF,F,60s
5/9/25,Sausage,Meat/Processed Meat/Egg,200g,3,23513,Seongdong-gu,Seoul,4004,SUMMER25,M,60s
5/9/25,Beef,Meat/Processed Meat/Egg,1kg,1,7409,Yongsan-gu,Seoul,8942,GOURMET20,M,20s
5/9/25,Ham,Meat/Processed Meat/Egg,1kg,1,7525,Seongdong-gu,Seoul,5915,WEEKEND20,M,50s
5/9/25,Red Bean Bread,Bakery,4-pack,3,11324,Dobong-gu,Seoul,9707,SUMMER25,F,40s
5/9/25,Red Bean Bread,Bakery,4-pack,2,6989,Gangnam-gu,Seoul,9402,WEEKEND20,M,30s
5/9/25,Steamed Bun,Bakery,1 pc,1,4250,Songpa-gu,Seoul,6590,GOURMET20,M,50s
5/10/25,Hand Cream,Hair/Body/Oral Care,250ml,3,27701,Yongsan-gu,Seoul,6093,GOURMET20,F,50s
5/10/25,Beef Bone Soup Kit,Ready Meal/Meal Kit/Salad,200g,5,33885,Gwanak-gu,Seoul,7303,,M,50s
5/10/25,Kimchi Stew,Soup/Side/Main,250g,1,3461,Jongno-gu,Seoul,9958,SUMMER25,F,50s
5/10/25,Instant Noodles,Ready Meal/Meal Kit/Salad,1kg,5,34842,Geumcheon-gu,Seoul,1386,FRESH10OFF,F,60s
5/10/25,Red Bean Bread,Bakery,2-pack,4,14695,Songpa-gu,Seoul,6830,,F,60s
5/10/25,Soft Tofu Stew,Soup/Side/Main,300g,4,13445,Jungnang-gu,Seoul,4462,,F,40s
5/10/25,Moisturizing Lotion,Hair/Body/Oral Care,100ml,5,46453,Seongdong-gu,Seoul,5250,NEWCUSTOMER,M,60s
5/11/25,Collagen,Health Supplements,1 pc,3,44427,Jungnang-gu,Seoul,1854,NEWCUSTOMER,F,60s
5/11/25,Watermelon,Fruit/Nuts/Rice,150g,5,25685,Gangbuk-gu,Seoul,5803,FRUITPROMO5,F,30s
5/11/25,Salmon,Seafood,300g,5,39075,Dongdaemun-gu,Seoul,9312,,M,50s
5/11/25,Shrimp,Seafood,180ml,4,31404,Eunpyeong-gu,Seoul,6408,,M,30s
5/11/25,Tuna,Seafood,180ml,5,39454,Seongbuk-gu,Seoul,8824,WEEKEND20,F,30s
5/11/25,Cherry,Fruit/Nuts/Rice,3kg,5,26490,Dongdaemun-gu,Seoul,2860,SPRING15,M,30s
5/11/25,Shaved Ice Ingredients,Snacks/Sweets/Rice Cake,1 pc,2,6434,Jongno-gu,Seoul,9966,SPRING15,F,30s
5/12/25,Electrolyte Drink,Water/Beverage,500ml,3,9648,Jung-gu,Seoul,3066,SPRING15,M,60s
5/12/25,Jelly,Snacks/Sweets/Rice Cake,300g,2,7219,Seongbuk-gu,Seoul,6736,SPRING15,F,30s
5/12/25,Iced Tea,Water/Beverage,330ml,3,8571,Seongbuk-gu,Seoul,7931,,M,40s
5/12/25,Watermelon,Fruit/Nuts/Rice,1 pc,5,25419,Nowon-gu,Seoul,7802,SUMMER25,M,40s
5/12/25,Popsicle,Snacks/Sweets/Rice Cake,150g,6,20192,Guro-gu,Seoul,3847,SPRING15,F,40s
5/12/25,Sparkling Water,Water/Beverage,1L,6,16534,Gangbuk-gu,Seoul,3518,SPRING15,M,60s
5/12/25,Fruit Salad,Ready Meal/Meal Kit/Salad,150g,5,34977,Seongbuk-gu,Seoul,7343,RAINY10,F,30s
5/13/25,Squid,Seafood,1 pc,5,38792,Yangcheon-gu,Seoul,9909,NEWCUSTOMER,F,30s
5/13/25,Body Mist,Hair/Body/Oral Care,1 pc,4,38015,Jung-gu,Seoul,6503,RAINY10,F,20s
5/13/25,Jelly,Snacks/Sweets/Rice Cake,1kg,4,15743,Seodaemun-gu,Seoul,8367,HEALTHY15,M,30s
5/13/25,Electrolyte Drink,Water/Beverage,1L,4,13198,Gangnam-gu,Seoul,8282,,F,40s
5/13/25,Fruit Salad,Ready Meal/Meal Kit/Salad,250g,4,27567,Gangseo-gu,Seoul,1855,WEEKEND20,F,50s
5/13/25,Shrimp,Seafood,1 pc,2,16734,Jongno-gu,Seoul,4060,HEALTHY15,F,30s
5/13/25,Cold Pasta,Ready Meal/Meal Kit/Salad,1kg,5,34673,Seongbuk-gu,Seoul,1595,GOURMET20,F,20s
5/14/25,Frozen Yogurt,Snacks/Sweets/Rice Cake,1 pc,4,12897,Gangbuk-gu,Seoul,7359,SPRING15,F,40s
5/14/25,Cold Pasta,Ready Meal/Meal Kit/Salad,150g,5,33795,Dobong-gu,Seoul,2969,GOURMET20,F,40s
5/14/25,Poke Bowl,Ready Meal/Meal Kit/Salad,250g,5,33330,Guro-gu,Seoul,7735,GOURMET20,M,20s
5/14/25,Coconut Water,Water/Beverage,330ml,6,18060,Gwanak-gu,Seoul,4938,WEEKEND20,M,20s
5/14/25,Body Mist,Hair/Body/Oral Care,250ml,3,27742,Yangcheon-gu,Seoul,6076,SUMMER25,F,40s
5/14/25,Shrimp,Seafood,250g,4,30516,Jungnang-gu,Seoul,2507,,M,30s
5/14/25,Sunscreen,Hair/Body/Oral Care,500ml,3,28357,Gangbuk-gu,Seoul,5126,,F,50s
5/1/25,Udon Kit,Ready Meal/Meal Kit/Salad,200g,6,45004,Seongbuk-gu,Seoul,8824,,M,50s
5/1/25,Beef Bone Soup Kit,Ready Meal/Meal Kit/Salad,300g,6,43685,Gangseo-gu,Seoul,7304,,M,30s
5/1/25,Fried Rice Kit,Ready Meal/Meal Kit/Salad,200g,2,14732,Jungnang-gu,Seoul,6805,,M,30s
5/1/25,Udon Kit,Ready Meal/Meal Kit/Salad,2kg,1,8863,Gwangjin-gu,Seoul,1234,,M,60s
5/1/25,Warm Porridge,Soup/Side/Main,200g,2,9845,Jongno-gu,Seoul,4113,,M,60s
5/1/25,Red Bean Bread,Bakery,1 pc,1,5449,Gangbuk-gu,Seoul,6943,,F,30s
5/1/25,Warm Body Wash,Hair/Body/Oral Care,60 tablets,5,49793,Jung-gu,Seoul,7289,,M,60s
5/1/25,Warm Herbal Tea,Coffee/Tea,180ml,2,10273,Jungnang-gu,Seoul,4021,,M,20s
5/2/25,Oatmeal,Fruit/Nuts/Rice,1 pc,2,10302,Gwanak-gu,Seoul,3488,,M,50s
5/2/25,Cold Brew,Coffee/Tea,355ml,6,25560,Dongdaemun-gu,Seoul,4919,,M,40s
5/2/25,Iced Coffee,Coffee/Tea,355ml,1,7152,Gwangjin-gu,Seoul,5569,,F,30s
5/2/25,Probiotics,Health Supplements,500ml,1,16092,Geumcheon-gu,Seoul,4307,,F,40s
5/2/25,Mozzarella,Dairy,1kg,2,8606,Seongdong-gu,Seoul,9661,,M,40s
5/2/25,Americano,Coffee/Tea,355ml,2,8813,Gangseo-gu,Seoul,9191,,M,30s
5/2/25,Greek Yogurt,Dairy,1kg,4,14957,Yeongdeungpo-gu,Seoul,6468,,M,60s
5/2/25,Olive Oil,Noodles/Seasoning/Oil,1 pc,4,14359,Gangdong-gu,Seoul,4668,,F,50s
5/3/25,Pork Bone Soup,Soup/Side/Main,1 pc,6,20861,Seongdong-gu,Seoul,9119,,F,50s
5/3/25,Warm Soup Kit,Ready Meal/Meal Kit/Salad,250g,5,37654,Dongjak-gu,Seoul,9428,,F,60s
5/3/25,Warm Soup Kit,Ready Meal/Meal Kit/Salad,250g,2,16193,Jungnang-gu,Seoul,1578,,F,40s
5/3/25,Warm Soup Kit,Ready Meal/Meal Kit/Salad,1kg,1,10362,Gwangjin-gu,Seoul,1311,,M,30s
5/3/25,Hair Treatment,Hair/Body/Oral Care,30 tablets,6,59749,Seongdong-gu,Seoul,2986,,F,20s
5/3/25,Ginger Tea,Coffee/Tea,180ml,5,23091,Dongdaemun-gu,Seoul,4970,,M,30s
5/3/25,Yuzu Tea,Coffee/Tea,500ml,5,23614,Jongno-gu,Seoul,8012,,M,40s
5/4/25,Brioche,Bakery,1 pc,2,8727,Jung-gu,Seoul,1418,,M,60s
5/4/25,Butter,Dairy,500g,5,18862,Seocho-gu,Seoul,4448,,M,40s
5/4/25,Bagel,Bakery,6-pack,5,20358,Eunpyeong-gu,Seoul,6459,VIP30,M,50s
5/4/25,Ketchup,Noodles/Seasoning/Oil,500g,6,20575,Gangnam-gu,Seoul,8934,FRUITPROMO5,M,30s
5/4/25,Cheese,Dairy,1kg,5,17715,Gangdong-gu,Seoul,2427,VIP30,M,60s
5/4/25,Pear,Fruit/Nuts/Rice,1 pc,3,17801,Dobong-gu,Seoul,1768,FRUITPROMO5,F,20s
5/4/25,Pastry,Bakery,4-pack,4,14681,Dobong-gu,Seoul,3684,GOURMET20,F,30s
5/5/25,Cream Cheese,Dairy,300g,4,15752,Seodaemun-gu,Seoul,4571,RAINY10,M,30s
5/5/25,Cabbage,Vegetables,200g,5,18106,Yeongdeungpo-gu,Seoul,5222,HEALTHY15,M,30s
5/5/25,Vinegar,Noodles/Seasoning/Oil,250g,2,7441,Nowon-gu,Seoul,6576,RAINY10,F,60s
5/5/25,Brioche,Bakery,4-pack,1,6939,Guro-gu,Seoul,5870,SPRING15,F,50s
5/5/25,Soybean Paste,Noodles/Seasoning/Oil,500g,1,4531,Gangbuk-gu,Seoul,5487,HEALTHY15,F,50s
5/5/25,Scone,Bakery,6-pack,1,6120,Seocho-gu,Seoul,4785,FRUITPROMO5,F,20s
5/5/25,Pastry,Bakery,12-pack,4,14827,Yongsan-gu,Seoul,5823,NEWCUSTOMER,M,40s
5/6/25,Red Pepper Paste,Noodles/Seasoning/Oil,1kg,3,10656,Seocho-gu,Seoul,5740,FRESH10OFF,F,60s
5/6/25,Broccoli,Vegetables,300g,1,6135,Seongdong-gu,Seoul,5376,RAINY10,F,40s
5/6/25,Croissant,Bakery,1 pc,4,15233,Seodaemun-gu,Seoul,1221,FRUITPROMO5,F,30s
5/6/25,Yogurt,Dairy,500g,5,17778,Gwanak-gu,Seoul,5901,NEWCUSTOMER,F,30s
5/6/25,Collagen,Health Supplements,60 tablets,1,18274,Seocho-gu,Seoul,8272,SPRING15,M,50s
5/6/25,Apple,Fruit/Nuts/Rice,2kg,4,20231,Nowon-gu,Seoul,3074,RAINY10,M,60s
5/6/25,Red Ginseng,Health Supplements,500ml,3,47336,Yongsan-gu,Seoul,2699,RAINY10,F,20s
5/7/25,Sparkling Water,Water/Beverage,1kg,4,12047,Jung-gu,Seoul,6006,GOURMET20,M,20s
5/7/25,Poke Bowl,Ready Meal/Meal Kit/Salad,1kg,3,23404,Dongdaemun-gu,Seoul,1364,FRESH10OFF,M,60s
5/7/25,Mango,Fruit/Nuts/Rice,2kg,1,6964,Seodaemun-gu,Seoul,5280,FRESH10OFF,M,60s
5/7/25,Ice Cream,Snacks/Sweets/Rice Cake,150g,4,15017,Gangnam-gu,Seoul,7370,RAINY10,M,50s
5/7/25,Salad Kit,Ready Meal/Meal Kit/Salad,10-pack,4,29860,Gangdong-gu,Seoul,6551,,F,50s
5/7/25,Fruit Jelly,Snacks/Sweets/Rice Cake,500g,2,8011,Yongsan-gu,Seoul,7512,,M,40s
5/7/25,Mango,Fruit/Nuts/Rice,150g,6,33248,Jung-gu,Seoul,5721,,F,30s
5/8/25,Sports Drink,Water/Beverage,250ml,5,16341,Seodaemun-gu,Seoul,1715,,F,30s
5/8/25,Tuna,Seafood,250g,2,17606,Yeongdeungpo-gu,Seoul,9986,,M,30s
5/8/25,Cleanser,Hair/Body/Oral Care,30 tablets,2,19309,Dongdaemun-gu,Seoul,5442,,M,30s
5/8/25,Fruit Juice,Water/Beverage,355ml,5,17455,Eunpyeong-gu,Seoul,3767,,F,40s
5/8/25,Bottled Water,Water/Beverage,500ml,4,11990,Yeongdeungpo-gu,Seoul,5695,,M,50s
5/8/25,Cleanser,Hair/Body/Oral Care,250ml,4,39813,Seocho-gu,Seoul,1427,,F,60s
5/8/25,Octopus,Seafood,250g,4,34324,Dongjak-gu,Seoul,8775,,F,40s
5/9/25,Seaweed Soup,Soup/Side/Main,200g,4,15354,Jungnang-gu,Seoul,8279,,M,30s
5/9/25,Steamed Bun,Bakery,2-pack,2,7584,Gwanak-gu,Seoul,5374,,M,30s
5/9/25,Udon Kit,Ready Meal/Meal Kit/Salad,2kg,6,45379,Jung-gu,Seoul,2298,,F,20s
5/9/25,Fried Rice Kit,Ready Meal/Meal Kit/Salad,150g,4,31131,Seocho-gu,Seoul,1141,,M,40s
5/9/25,Americano,Coffee/Tea,355ml,6,28609,Jungnang-gu,Seoul,1263,,M,60s
5/9/25,Hand Cream,Hair/Body/Oral Care,100ml,5,49773,Songpa-gu,Seoul,5564,,F,50s
5/9/25,Hot Steamed Bun,Bakery,8-pack,2,10355,Gangnam-gu,Seoul,2077,,F,20s
5/10/25,Beef Bone Soup Kit,Ready Meal/Meal Kit/Salad,1kg,5,37701,Gwangjin-gu,Seoul,4885,,F,40s
5/10/25,Instant Noodles,Ready Meal/Meal Kit/Salad,1 pc,6,45363,Gangbuk-gu,Seoul,4887,,M,30s
5/10/25,Bacon,Meat/Processed Meat/Egg,150g,6,45472,Dongjak-gu,Seoul,7144,,M,20s
5/10/25,Yuzu Tea,Coffee/Tea,180ml,2,10282,Yeongdeungpo-gu,Seoul,9647,,F,50s
5/10/25,Pork,Meat/Processed Meat/Egg,150g,5,39607,Jung-gu,Seoul,9809,,M,20s
5/10/25,Lip Balm,Hair/Body/Oral Care,1 pc,2,21909,Gwanak-gu,Seoul,1713,,F,20s
5/10/25,Mocha,Coffee/Tea,330ml,2,9620,Eunpyeong-gu,Seoul,6401,,M,30s
5/11/25,Jelly,Snacks/Sweets/Rice Cake,500g,4,13915,Nowon-gu,Seoul,5652,,M,60s
5/11/25,Octopus,Seafood,300g,6,49715,Jung-gu,Seoul,6957,,F,30s
5/11/25,Korean Melon,Fruit/Nuts/Rice,3kg,5,27484,Jungnang-gu,Seoul,2990,,M,40s
5/11/25,Salmon,Seafood,2kg,3,24079,Gwangjin-gu,Seoul,7351,,M,30s
5/11/25,Sherbet,Snacks/Sweets/Rice Cake,2L,6,25060,Jungnang-gu,Seoul,4312,,M,60s
5/11/25,Peach,Fruit/Nuts/Rice,300g,5,26310,Seocho-gu,Seoul,2136,,F,40s
5/11/25,Lemonade,Water/Beverage,2L,3,11425,Gwangjin-gu,Seoul,4827,FRUITPROMO5,M,20s
5/12/25,Popsicle,Snacks/Sweets/Rice Cake,250g,7,25247,Nowon-gu,Seoul,8333,SPRING15,F,40s
5/12/25,Sashimi Rice Bowl Kit,Ready Meal/Meal Kit/Salad,2kg,4,30170,Seongbuk-gu,Seoul,8628,GOURMET20,F,60s
5/12/25,Grape,Fruit/Nuts/Rice,3kg,4,20805,Dongdaemun-gu,Seoul,1205,FRUITPROMO5,M,30s
5/12/25,Fruit Salad,Ready Meal/Meal Kit/Salad,500g,3,21703,Dobong-gu,Seoul,7307,RAINY10,M,50s
5/12/25,Body Mist,Hair/Body/Oral Care,60 tablets,5,48043,Gangdong-gu,Seoul,7179,,M,60s
5/12/25,Kiwi,Fruit/Nuts/Rice,1kg,2,11519,Yeongdeungpo-gu,Seoul,1351,SUMMER25,F,40s
5/12/25,Flatfish,Seafood,500g,4,32212,Jung-gu,Seoul,4893,,F,30s
5/13/25,Electrolyte Drink,Water/Beverage,355ml,5,15968,Eunpyeong-gu,Seoul,5758,WEEKEND20,F,40s
5/13/25,Fruit Salad,Ready Meal/Meal Kit/Salad,250g,7,49711,Gangdong-gu,Seoul,9134,FRESH10OFF,M,30s
5/13/25,Sunscreen,Hair/Body/Oral Care,1 pc,6,60213,Yangcheon-gu,Seoul,4410,WEEKEND20,M,50s
5/13/25,Iced Tea,Water/Beverage,2L,4,11373,Gangbuk-gu,Seoul,3545,,F,40s
5/13/25,Kiwi,Fruit/Nuts/Rice,500g,5,25514,Geumcheon-gu,Seoul,3162,FRESH10OFF,M,20s
5/13/25,Frozen Yogurt,Snacks/Sweets/Rice Cake,200g,4,15462,Gangdong-gu,Seoul,5986,HEALTHY15,M,30s
5/13/25,Clam,Seafood,300g,4,34108,Jung-gu,Seoul,4159,SPRING15,F,50s
5/14/25,Poke Bowl,Ready Meal/Meal Kit/Salad,300g,3,22326,Jung-gu,Seoul,7221,NEWCUSTOMER,F,50s
5/14/25,Flatfish,Seafood,300g,3,26366,Yeongdeungpo-gu,Seoul,3377,,M,30s
5/14/25,Mango,Fruit/Nuts/Rice,500g,2,11734,Yongsan-gu,Seoul,9162,,F,50s
5/1/25,Ginseng Chicken Soup Kit,Ready Meal/Meal Kit/Salad,500g,1,9760,Mapo-gu,Seoul,2147,,F,30s
5/1/25,Kimchi Stew Kit,Ready Meal/Meal Kit/Salad,200g,5,38551,Guro-gu,Seoul,3577,,F,40s
5/1/25,Ham,Meat/Processed Meat/Egg,300g,1,8271,Seodaemun-gu,Seoul,7623,,F,60s
5/1/25,Walnut Cake,Bakery,16-pack,1,4395,Gangbuk-gu,Seoul,3474,,F,60s
5/1/25,Warm Porridge,Soup/Side/Main,250g,4,15664,Seongbuk-gu,Seoul,8022,,M,40s
5/1/25,Instant Noodles,Ready Meal/Meal Kit/Salad,150g,1,7500,Songpa-gu,Seoul,8528,,F,30s
5/1/25,Ginger Tea,Coffee/Tea,1L,3,16621,Geumcheon-gu,Seoul,7563,,M,30s
5/1/25,Soybean Paste Stew,Soup/Side/Main,1kg,3,13618,Yongsan-gu,Seoul,6747,,F,60s
5/2/25,Protein Powder,Health Supplements,100ml,6,99095,Gwangjin-gu,Seoul,1421,,F,60s
5/2/25,Donut,Bakery,10-pack,1,5622,Geumcheon-gu,Seoul,6972,,M,30s
5/2/25,Ketchup,Noodles/Seasoning/Oil,300g,4,14681,Seocho-gu,Seoul,6875,,F,20s
5/2/25,Omega-3,Health Supplements,90 tablets,3,48071,Jongno-gu,Seoul,8923,,F,60s
5/2/25,Protein Powder,Health Supplements,120 tablets,6,98182,Gwangjin-gu,Seoul,5243,,M,50s
5/2/25,Broccoli,Vegetables,200g,2,9145,Jongno-gu,Seoul,3693,,F,40s
5/2/25,Cold Brew,Coffee/Tea,180ml,4,20813,Gangseo-gu,Seoul,3120,,M,60s
5/2/25,Cappuccino,Coffee/Tea,2L,5,24659,Jongno-gu,Seoul,9984,,M,30s
5/3/25,Pork,Meat/Processed Meat/Egg,3kg,3,24386,Guro-gu,Seoul,6688,,F,40s
5/3/25,Warm Body Wash,Hair/Body/Oral Care,500ml,4,41784,Seodaemun-gu,Seoul,1015,,F,60s
5/3/25,Red Bean Bread,Bakery,16-pack,1,7342,Jongno-gu,Seoul,6237,,M,30s
5/3/25,Black Tea,Coffee/Tea,330ml,5,22101,Gangdong-gu,Seoul,1002,,F,50s
5/3/25,Cheese Bread,Bakery,12-pack,1,5432,Gangdong-gu,Seoul,9822,,M,20s
5/3/25,Bacon,Meat/Processed Meat/Egg,250g,1,9664,Eunpyeong-gu,Seoul,4733,,M,60s
5/3/25,Moisturizing Cream,Hair/Body/Oral Care,60 tablets,5,53691,Gwanak-gu,Seoul,9620,,F,60s
5/4/25,Propolis,Health Supplements,60 tablets,6,97077,Jungnang-gu,Seoul,4933,,M,20s
5/4/25,Spinach,Vegetables,2kg,6,24208,Jongno-gu,Seoul,2782,,M,50s
5/4/25,Protein Powder,Health Supplements,1 pc,1,17646,Gwangjin-gu,Seoul,6910,,M,30s
5/4/25,Iced Coffee,Coffee/Tea,330ml,5,25614,Yongsan-gu,Seoul,5656,,M,30s
5/4/25,Tangerine,Fruit/Nuts/Rice,5kg,6,34251,Seodaemun-gu,Seoul,3496,,F,40s
5/4/25,Iced Coffee,Coffee/Tea,2L,2,9921,Seongdong-gu,Seoul,1715,,F,50s
5/4/25,Latte,Coffee/Tea,330ml,1,6299,Gangnam-gu,Seoul,7810,,F,50s
5/5/25,Tomato,Vegetables,200g,5,21053,Jungnang-gu,Seoul,8832,,F,30s
5/5/25,White Bread,Bakery,4-pack,3,13425,Guro-gu,Seoul,1097,,M,20s
5/5/25,Bagel,Bakery,10-pack,2,10507,Seodaemun-gu,Seoul,1784,,F,20s
5/5/25,Tangerine,Fruit/Nuts/Rice,2 pc,5,28157,Gangdong-gu,Seoul,4700,,F,40s
5/5/25,Mozzarella,Dairy,3kg,3,13350,Dongdaemun-gu,Seoul,2749,,F,50s
5/5/25,Apple,Fruit/Nuts/Rice,5kg,6,31737,Eunpyeong-gu,Seoul,3798,,F,40s
5/5/25,Soy Sauce,Noodles/Seasoning/Oil,2kg,3,13403,Seodaemun-gu,Seoul,7244,,M,50s
5/6/25,Carrot,Vegetables,1 pc,4,16100,Mapo-gu,Seoul,8247,,F,30s
5/6/25,Croissant,Bakery,1 pc,6,23299,Dongdaemun-gu,Seoul,9242,,M,20s
5/6/25,Greek Yogurt,Dairy,500g,4,18191,Yangcheon-gu,Seoul,2386,,F,50s
5/6/25,Cold Brew,Coffee/Tea,1.5L,3,14925,Nowon-gu,Seoul,2669,,M,50s
5/6/25,Almond,Fruit/Nuts/Rice,3kg,5,29883,Gwangjin-gu,Seoul,2776,,M,30s
5/6/25,Greek Yogurt,Dairy,1 pc,6,24301,Jung-gu,Seoul,4718,,M,30s
5/6/25,Cinnamon Roll,Bakery,4-pack,1,7679,Seocho-gu,Seoul,2714,,F,30s
5/7/25,Sports Drink,Water/Beverage,90 tablets,3,9478,Dongjak-gu,Seoul,7536,,M,20s
5/7/25,Sorbet,Snacks/Sweets/Rice Cake,8-pack,3,11971,Dongjak-gu,Seoul,2083,,M,60s
5/7/25,Korean Melon,Fruit/Nuts/Rice,200g,3,18271,Guro-gu,Seoul,7062,,M,50s
5/7/25,Popsicle,Snacks/Sweets/Rice Cake,200g,3,13189,Seongdong-gu,Seoul,7532,,F,50s
5/7/25,Cold Pasta,Ready Meal/Meal Kit/Salad,1 pc,2,17519,Mapo-gu,Seoul,8363,,F,40s
5/7/25,Sorbet,Snacks/Sweets/Rice Cake,1kg,6,27013,Seocho-gu,Seoul,1625,,F,40s
5/7/25,Octopus,Seafood,30 tablets,4,37548,Mapo-gu,Seoul,6552,,M,40s
5/8/25,Coconut Water,Water/Beverage,250ml,4,13691,Seocho-gu,Seoul,7500,,M,60s
5/8/25,Salmon,Seafood,3kg,7,61668,Eunpyeong-gu,Seoul,7387,,M,40s
5/8/25,Korean Melon,Fruit/Nuts/Rice,2 pc,2,13971,Mapo-gu,Seoul,3865,,M,60s
5/8/25,Popsicle,Snacks/Sweets/Rice Cake,200g,2,9719,Guro-gu,Seoul,4531,,F,60s
5/8/25,Sports Drink,Water/Beverage,180ml,3,10285,Mapo-gu,Seoul,6036,,M,40s
5/8/25,Pineapple,Fruit/Nuts/Rice,1 pc,4,21512,Seongbuk-gu,Seoul,9966,,M,20s
5/8/25,Salmon,Seafood,1 pc,3,26640,Yongsan-gu,Seoul,7603,,M,40s
5/9/25,Mate Tea,Coffee/Tea,500ml,2,9950,Jongno-gu,Seoul,9977,,F,20s
5/9/25,Chocolate Bread,Bakery,8-pack,2,8307,Dobong-gu,Seoul,3050,,M,30s
5/9/25,Steamed Bun,Bakery,6-pack,1,6674,Jung-gu,Seoul,3601,,F,60s
5/9/25,Cream Bread,Bakery,10-pack,1,4825,Jung-gu,Seoul,7587,,F,20s
5/9/25,Cheese Bread,Bakery,10-pack,2,8421,Seocho-gu,Seoul,8253,,M,50s
5/9/25,Warm Porridge,Soup/Side/Main,200g,6,23204,Jungnang-gu,Seoul,7142,,M,60s
5/9/25,Sausage,Meat/Processed Meat/Egg,1kg,3,25530,Jongno-gu,Seoul,2111,,F,60s
5/10/25,Pork Bone Soup,Soup/Side/Main,1kg,5,21700,Dobong-gu,Seoul,4692,,F,30s
5/10/25,Yuzu Tea,Coffee/Tea,500ml,1,5965,Gangseo-gu,Seoul,8213,,F,60s
5/10/25,Rooibos Tea,Coffee/Tea,1L,2,11505,Jung-gu,Seoul,2162,SPRING15,F,30s
5/10/25,Cafe Latte,Coffee/Tea,2L,6,27932,Dongjak-gu,Seoul,2898,FRESH10OFF,M,30s
5/10/25,Steamed Bun,Bakery,2-pack,5,19794,Seongbuk-gu,Seoul,7034,NEWCUSTOMER,M,50s
5/10/25,Mocha,Coffee/Tea,500ml,3,15630,Nowon-gu,Seoul,9984,HEALTHY15,F,60s
5/10/25,Lip Balm,Hair/Body/Oral Care,250ml,5,52765,Mapo-gu,Seoul,9703,RAINY10,F,30s
5/11/25,Smoothie,Water/Beverage,500g,6,20376,Jung-gu,Seoul,9727,GOURMET20,M,40s
5/11/25,Tuna,Seafood,1kg,6,53567,Jung-gu,Seoul,4675,RAINY10,F,20s
5/11/25,Iced Tea,Water/Beverage,12-pack,2,8036,Gangseo-gu,Seoul,7028,VIP30,F,50s
5/11/25,Electrolyte Drink,Water/Beverage,12-pack,5,17667,Yeongdeungpo-gu,Seoul,2689,,F,20s
5/11/25,Sports Drink,Water/Beverage,300g,4,13029,Gangseo-gu,Seoul,7750,PREMIUM15,F,20s
5/11/25,Shaved Ice Ingredients,Snacks/Sweets/Rice Cake,1 pc,2,8313,Dongdaemun-gu,Seoul,5036,VIP30,F,40s
5/11/25,Bottled Water,Water/Beverage,6-pack,6,20384,Guro-gu,Seoul,5881,NEWCUSTOMER,F,30s
5/12/25,Fruit Juice,Water/Beverage,330ml,6,20605,Dobong-gu,Seoul,5004,SPRING15,M,20s
5/12/25,Poke Bowl,Ready Meal/Meal Kit/Salad,200g,5,41082,Seocho-gu,Seoul,6147,WEEKEND20,F,60s
5/12/25,Melon,Fruit/Nuts/Rice,3kg,7,37548,Yongsan-gu,Seoul,7027,SUMMER25,F,40s
5/12/25,Cold Noodle Kit,Ready Meal/Meal Kit/Salad,3kg,6,48318,Guro-gu,Seoul,2001,HEALTHY15,F,40s
5/12/25,Shaved Ice Ingredients,Snacks/Sweets/Rice Cake,3kg,3,13319,Nowon-gu,Seoul,1852,VIP30,F,30s
5/12/25,Cooling Gel,Hair/Body/Oral Care,250ml,3,30601,Seongdong-gu,Seoul,2015,HEALTHY15,M,50s
5/12/25,Cold Noodle Kit,Ready Meal/Meal Kit/Salad,250g,7,55178,Gwangjin-gu,Seoul,2860,SPRING15,M,20s
5/13/25,UV Protector,Hair/Body/Oral Care,250ml,3,32886,Yongsan-gu,Seoul,3589,FRESH10OFF,F,40s
5/13/25,Sashimi Rice Bowl Kit,Ready Meal/Meal Kit/Salad,200g,6,47974,Seodaemun-gu,Seoul,9926,FRUITPROMO5,M,30s
5/13/25,Pineapple,Fruit/Nuts/Rice,4 pc,2,10516,Yeongdeungpo-gu,Seoul,5244,GOURMET20,M,40s
5/13/25,Abalone,Seafood,200g,4,37070,Gwangjin-gu,Seoul,1325,SUMMER25,F,60s
5/13/25,Tuna,Seafood,150g,2,18044,Eunpyeong-gu,Seoul,7128,NEWCUSTOMER,F,50s
5/13/25,Mango,Fruit/Nuts/Rice,2 pc,5,29813,Gangseo-gu,Seoul,8124,SUMMER25,F,30s
5/13/25,Cold Noodles,Ready Meal/Meal Kit/Salad,300g,4,33659,Dobong-gu,Seoul,2089,WEEKEND20,F,20s
5/14/25,Cold Noodles,Ready Meal/Meal Kit/Salad,3kg,2,17743,Dongjak-gu,Seoul,3265,GOURMET20,F,60s
5/14/25,Clam,Seafood,250g,2,20764,Jung-gu,Seoul,8789,FRUITPROMO5,M,60s
5/1/25,Face Cream,Hair/Body/Oral Care,180 tablets,1,10753,Guro-gu,Seoul,5522,NEWCUSTOMER,M,40s
5/1/25,Spicy Beef Soup,Soup/Side/Main,3kg,1,3846,Guro-gu,Seoul,5698,GOURMET20,F,50s
5/1/25,Warm Body Wash,Hair/Body/Oral Care,1 pc,4,46200,Jongno-gu,Seoul,2758,FRUITPROMO5,M,40s
5/1/25,Red Bean Bun,Bakery,6-pack,4,16809,Dobong-gu,Seoul,9286,VIP30,M,40s
5/1/25,Face Cream,Hair/Body/Oral Care,250ml,2,23216,Yongsan-gu,Seoul,4814,ORGANIC20,F,40s
5/1/25,Chocolate Bread,Bakery,1 pc,6,26124,Dobong-gu,Seoul,2640,NEWCUSTOMER,F,30s
5/1/25,Americano,Coffee/Tea,330ml,7,34003,Seongbuk-gu,Seoul,9727,ORGANIC20,F,30s
5/1/25,Kimchi Stew Kit,Ready Meal/Meal Kit/Salad,300g,7,56103,Geumcheon-gu,Seoul,3932,FRESH10OFF,F,30s
5/2/25,Lettuce,Vegetables,150g,7,27205,Geumcheon-gu,Seoul,2412,HEALTHY15,F,20s
5/2/25,Cinnamon Roll,Bakery,16-pack,7,30615,Gangbuk-gu,Seoul,8785,SUMMER25,F,60s
5/2/25,Milk,Dairy,200g,1,4539,Gwanak-gu,Seoul,1537,ORGANIC20,M,40s
5/2/25,Oolong Tea,Coffee/Tea,250ml,1,7293,Dobong-gu,Seoul,5749,GOURMET20,F,50s
5/2/25,Carrot,Vegetables,150g,3,11516,Gwangjin-gu,Seoul,2202,GOURMET20,M,30s
5/2/25,Propolis,Health Supplements,30 tablets,4,71854,Jongno-gu,Seoul,2723,,M,30s
5/2/25,Cheddar Cheese,Dairy,150g,7,28821,Dongjak-gu,Seoul,2117,RAINY10,F,20s
5/2/25,Pastry,Bakery,10-pack,6,26415,Gwangjin-gu,Seoul,5295,FRESH10OFF,M,30s
5/3/25,Kimchi Stew Kit,Ready Meal/Meal Kit/Salad,1 pc,4,32128,Seodaemun-gu,Seoul,2008,GOURMET20,M,20s
5/3/25,Cafe Latte,Coffee/Tea,330ml,6,31020,Gwanak-gu,Seoul,7072,NEWCUSTOMER,F,60s
5/3/25,Moisturizing Cream,Hair/Body/Oral Care,60 tablets,2,25382,Yeongdeungpo-gu,Seoul,9451,FRUITPROMO5,F,20s
5/3/25,Mate Tea,Coffee/Tea,1L,5,26479,Yeongdeungpo-gu,Seoul,8758,,F,60s
5/3/25,Short Rib Soup,Soup/Side/Main,3kg,3,14453,Seongdong-gu,Seoul,7365,VIP30,F,50s
5/3/25,Egg,Meat/Processed Meat/Egg,250g,1,10004,Dongjak-gu,Seoul,4917,NEWCUSTOMER,M,40s
5/3/25,Hot Steamed Bun,Bakery,4-pack,2,8318,Songpa-gu,Seoul,6068,GOURMET20,M,40s
5/4/25,Onion,Vegetables,3kg,3,14315,Dobong-gu,Seoul,7203,SPRING15,F,30s
5/4/25,Vinegar,Noodles/Seasoning/Oil,300g,2,10096,Gangnam-gu,Seoul,9732,FRESH10OFF,M,60s
5/4/25,Cream Cheese,Dairy,400g,4,16261,Seongdong-gu,Seoul,7660,HEALTHY15,F,30s
5/4/25,Lettuce,Vegetables,2kg,2,10969,Jungnang-gu,Seoul,2092,ORGANIC20,F,20s
5/4/25,Magnesium,Health Supplements,1 pc,1,17559,Yongsan-gu,Seoul,9291,SUMMER25,M,50s
5/4/25,Glutamine,Health Supplements,250ml,5,87116,Gangnam-gu,Seoul,8815,FRUITPROMO5,F,30s
5/4/25,Olive Oil,Noodles/Seasoning/Oil,1kg,1,6122,Dongdaemun-gu,Seoul,4347,NEWCUSTOMER,M,30s
5/5/25,Magnesium,Health Supplements,180 tablets,3,53739,Songpa-gu,Seoul,7348,NEWCUSTOMER,F,50s
5/5/25,Omega-3,Health Supplements,60 tablets,6,105980,Eunpyeong-gu,Seoul,8519,VIP30,F,30s
5/5/25,Tomato,Vegetables,400g,2,7622,Mapo-gu,Seoul,7063,NEWCUSTOMER,M,50s
5/5/25,Omega-3,Health Supplements,250ml,2,36554,Dobong-gu,Seoul,4510,VIP30,F,20s
5/5/25,Probiotics,Health Supplements,500ml,3,52169,Seongbuk-gu,Seoul,2517,VIP30,F,20s
5/5/25,Brown Rice,Fruit/Nuts/Rice,4 pc,3,20360,Yangcheon-gu,Seoul,2666,GOURMET20,F,20s
5/5/25,Camembert,Dairy,500g,1,6075,Gangbuk-gu,Seoul,7644,WEEKEND20,M,60s
5/6/25,Glutamine,Health Supplements,90 tablets,1,17013,Dobong-gu,Seoul,8611,FRUITPROMO5,F,20s
5/6/25,Cucumber,Vegetables,200g,1,6924,Seocho-gu,Seoul,6693,SUMMER25,M,60s
5/6/25,White Rice,Fruit/Nuts/Rice,1kg,3,19061,Mapo-gu,Seoul,8704,NEWCUSTOMER,M,60s
5/6/25,Soybean Paste,Noodles/Seasoning/Oil,3kg,1,7389,Seocho-gu,Seoul,7699,HEALTHY15,F,40s
5/6/25,Mozzarella,Dairy,200g,5,19405,Yongsan-gu,Seoul,4250,HEALTHY15,F,60s
5/6/25,Sesame Oil,Noodles/Seasoning/Oil,400g,3,13628,Seongbuk-gu,Seoul,4677,RAINY10,M,50s
5/6/25,Red Ginseng,Health Supplements,90 tablets,4,72104,Yongsan-gu,Seoul,4040,WEEKEND20,M,40s
5/7/25,Frozen Treats,Snacks/Sweets/Rice Cake,250g,3,12695,Yangcheon-gu,Seoul,9050,RAINY10,M,40s
5/7/25,Plum,Fruit/Nuts/Rice,1 pc,3,19733,Gangnam-gu,Seoul,2992,RAINY10,M,30s
5/7/25,Scallop,Seafood,90 tablets,2,19142,Jung-gu,Seoul,3839,WEEKEND20,M,60s
5/7/25,Sherbet,Snacks/Sweets/Rice Cake,180 tablets,2,15963,Jung-gu,Seoul,8887,SPRING15,F,50s
5/7/25,Bottled Water,Water/Beverage,355ml,1,5644,Seongbuk-gu,Seoul,4088,PREMIUM15,M,60s
5/7/25,Corn Salad,Ready Meal/Meal Kit/Salad,1kg,3,26087,Jongno-gu,Seoul,3155,,M,20s
5/7/25,Lemonade,Water/Beverage,250ml,5,19793,Dobong-gu,Seoul,2372,,F,40s
5/8/25,Fruit Salad,Ready Meal/Meal Kit/Salad,250g,2,18933,Dongdaemun-gu,Seoul,2484,SPRING15,F,30s
5/8/25,Sports Drink,Water/Beverage,1.5L,5,20083,Eunpyeong-gu,Seoul,7250,FRESH10OFF,F,40s
5/8/25,Grape,Fruit/Nuts/Rice,6 pc,2,12722,Dongjak-gu,Seoul,5024,WEEKEND20,F,60s
5/8/25,Cold Noodle Kit,Ready Meal/Meal Kit/Salad,400g,5,41685,Mapo-gu,Seoul,9943,WEEKEND20,F,60s
5/8/25,Plum,Fruit/Nuts/Rice,2kg,6,36719,Yangcheon-gu,Seoul,1930,WEEKEND20,M,60s
5/8/25,Sashimi Rice Bowl Kit,Ready Meal/Meal Kit/Salad,200g,6,51866,Seongbuk-gu,Seoul,8110,SPRING15,F,50s
5/8/25,After-Sun Care,Hair/Body/Oral Care,100ml,8,84156,Seongbuk-gu,Seoul,5871,HEALTHY15,M,60s
5/9/25,Walnut Cake,Bakery,4-pack,7,29496,Seongbuk-gu,Seoul,7342,RAINY10,M,20s
5/9/25,Warm Body Wash,Hair/Body/Oral Care,100ml,7,75751,Gangseo-gu,Seoul,4873,SPRING15,F,20s
5/9/25,Fish-shaped Bread,Bakery,12-pack,4,20243,Jongno-gu,Seoul,4278,,M,20s
5/9/25,Soft Tofu Stew,Soup/Side/Main,3kg,6,24157,Yongsan-gu,Seoul,9219,NEWCUSTOMER,F,30s
5/9/25,Egg,Meat/Processed Meat/Egg,300g,1,10581,Guro-gu,Seoul,1652,NEWCUSTOMER,F,30s
5/9/25,Sausage,Meat/Processed Meat/Egg,300g,3,29207,Gangbuk-gu,Seoul,3772,SUMMER25,M,30s
5/9/25,Essence,Hair/Body/Oral Care,30 tablets,4,42140,Seongbuk-gu,Seoul,9688,RAINY10,F,40s
5/10/25,Ox Bone Soup,Soup/Side/Main,150g,4,18931,Guro-gu,Seoul,5533,PREMIUM15,F,60s
5/10/25,Kimchi Stew Kit,Ready Meal/Meal Kit/Salad,300g,6,49344,Dobong-gu,Seoul,4118,WEEKEND20,M,50s
5/10/25,Warm Soup Kit,Ready Meal/Meal Kit/Salad,300g,5,44329,Gwangjin-gu,Seoul,8341,ORGANIC20,F,60s
5/10/25,Yuzu Tea,Coffee/Tea,250ml,3,14470,Gwangjin-gu,Seoul,4363,NEWCUSTOMER,M,40s
5/10/25,Pork Bone Soup,Soup/Side/Main,1kg,4,16025,Nowon-gu,Seoul,5048,SPRING15,M,40s
5/10/25,Short Rib Soup,Soup/Side/Main,3kg,3,14699,Yangcheon-gu,Seoul,6430,,F,40s
5/10/25,Fried Rice Kit,Ready Meal/Meal Kit/Salad,500g,7,59247,Gangdong-gu,Seoul,5272,ORGANIC20,M,60s
5/11/25,Smoothie,Water/Beverage,2 pc,5,20544,Gwanak-gu,Seoul,8660,FRUITPROMO5,M,40s
5/11/25,Poke Bowl,Ready Meal/Meal Kit/Salad,1.5L,5,42049,Gwangjin-gu,Seoul,3857,RAINY10,F,50s
5/11/25,Fruit Jelly,Snacks/Sweets/Rice Cake,4-pack,6,26654,Geumcheon-gu,Seoul,6657,FRUITPROMO5,F,20s
5/11/25,Bottled Water,Water/Beverage,1kg,3,12653,Nowon-gu,Seoul,1993,PREMIUM15,M,50s
5/11/25,Cold Pasta,Ready Meal/Meal Kit/Salad,500ml,5,42541,Eunpyeong-gu,Seoul,3675,HEALTHY15,M,60s
5/11/25,Cherry,Fruit/Nuts/Rice,1kg,5,29636,Jongno-gu,Seoul,4070,ORGANIC20,F,50s
5/11/25,Electrolyte Drink,Water/Beverage,2L,5,19000,Jung-gu,Seoul,2822,HEALTHY15,M,20s
5/12/25,Fruit Jelly,Snacks/Sweets/Rice Cake,1kg,8,33727,Jung-gu,Seoul,3882,FRUITPROMO5,M,40s
5/12/25,Kiwi,Fruit/Nuts/Rice,2 pc,3,18302,Yongsan-gu,Seoul,5129,WEEKEND20,F,30s
5/12/25,Popsicle,Snacks/Sweets/Rice Cake,150g,8,30468,Yangcheon-gu,Seoul,8343,GOURMET20,F,40s
5/12/25,UV Protector,Hair/Body/Oral Care,500ml,6,66899,Yeongdeungpo-gu,Seoul,1567,GOURMET20,M,20s
5/12/25,Cooling Gel,Hair/Body/Oral Care,90 tablets,4,45044,Seodaemun-gu,Seoul,2286,SUMMER25,F,20s
5/12/25,Kiwi,Fruit/Nuts/Rice,500g,2,13143,Seongbuk-gu,Seoul,7319,FRESH10OFF,F,40s
5/12/25,Sherbet,Snacks/Sweets/Rice Cake,1 pc,8,33799,Gwangjin-gu,Seoul,4448,WEEKEND20,M,50s
5/13/25,Scallop,Seafood,500g,6,55975,Guro-gu,Seoul,8809,ORGANIC20,F,30s
5/13/25,Watermelon,Fruit/Nuts/Rice,2 pc,3,18470,Eunpyeong-gu,Seoul,8659,VIP30,M,20s
5/13/25,Ice Cream,Snacks/Sweets/Rice Cake,500g,2,7788,Seongbuk-gu,Seoul,2465,NEWCUSTOMER,M,30s
5/13/25,Squid,Seafood,300g,4,37112,Gwangjin-gu,Seoul,5784,VIP30,F,60s
5/13/25,Sunscreen,Hair/Body/Oral Care,100ml,7,74934,Seongdong-gu,Seoul,3375,RAINY10,M,60s
5/1/25,Egg,Meat/Processed Meat/Egg,300g,4,36347,Seongdong-gu,Seoul,3824,FAMILY25,F,20s
5/1/25,Sausage,Meat/Processed Meat/Egg,2kg,4,40005,Yeongdeungpo-gu,Seoul,2680,RAINY10,M,40s
5/1/25,Udon Kit,Ready Meal/Meal Kit/Salad,300g,3,28069,Mapo-gu,Seoul,9108,FRUITPROMO5,M,40s
5/1/25,Hand Cream,Hair/Body/Oral Care,120 tablets,2,24375,Yeongdeungpo-gu,Seoul,4885,HEALTHY15,M,40s
5/1/25,Beef Bone Soup Kit,Ready Meal/Meal Kit/Salad,1kg,4,36398,Yeongdeungpo-gu,Seoul,3267,FAMILY25,M,50s
5/1/25,Egg,Meat/Processed Meat/Egg,200g,5,45308,Gangbuk-gu,Seoul,8154,NEWCUSTOMER,M,50s
5/1/25,Cafe Latte,Coffee/Tea,750ml,5,24132,Seodaemun-gu,Seoul,3328,WEEKEND20,M,60s
5/1/25,Ginseng Chicken Soup Kit,Ready Meal/Meal Kit/Salad,400g,1,10961,Yeongdeungpo-gu,Seoul,9068,FRESH10OFF,F,50s
5/2/25,Pine Nut,Fruit/Nuts/Rice,1kg,3,18184,Gangseo-gu,Seoul,5416,NEWCUSTOMER,F,60s
5/2/25,Red Ginseng,Health Supplements,250ml,7,127785,Gwangjin-gu,Seoul,7551,FAMILY25,F,60s
5/2/25,Americano,Coffee/Tea,2L,6,30375,Seongbuk-gu,Seoul,6676,RAINY10,F,20s
5/2/25,Carrot,Vegetables,600g,2,8600,Eunpyeong-gu,Seoul,9301,WEEKEND20,F,50s
5/2/25,Drip Coffee,Coffee/Tea,250ml,2,11564,Dongdaemun-gu,Seoul,6674,SUMMER25,M,20s
5/2/25,Iced Coffee,Coffee/Tea,330ml,3,16295,Geumcheon-gu,Seoul,9051,HEALTHY15,F,60s
5/2/25,Glutamine,Health Supplements,120 tablets,2,39583,Geumcheon-gu,Seoul,7259,ORGANIC20,M,30s
5/2/25,Tangerine,Fruit/Nuts/Rice,500g,1,10390,Jongno-gu,Seoul,1777,,M,50s
5/3/25,Mate Tea,Coffee/Tea,750ml,7,35560,Eunpyeong-gu,Seoul,2052,WEEKEND20,F,30s
5/3/25,Mate Tea,Coffee/Tea,750ml,3,17584,Gangdong-gu,Seoul,4653,HEALTHY15,F,30s
5/3/25,Bacon,Meat/Processed Meat/Egg,400g,3,29349,Gangbuk-gu,Seoul,4770,RAINY10,F,60s
5/3/25,Body Oil,Hair/Body/Oral Care,120 tablets,1,12162,Songpa-gu,Seoul,2529,HEALTHY15,M,20s
5/3/25,Chamomile Tea,Coffee/Tea,355ml,4,20956,Yangcheon-gu,Seoul,8825,FAMILY25,M,20s
5/3/25,Beef,Meat/Processed Meat/Egg,250g,3,31586,Eunpyeong-gu,Seoul,7700,HEALTHY15,M,30s
5/3/25,Steamed Bun,Bakery,2-pack,2,10841,Gwangjin-gu,Seoul,3679,RAINY10,M,30s
5/4/25,Bell Pepper,Vegetables,200g,1,5483,Jung-gu,Seoul,9862,GOURMET20,F,60s
5/4/25,Zinc,Health Supplements,90 tablets,8,148660,Gangnam-gu,Seoul,1504,FAMILY25,F,50s
5/4/25,Camembert,Dairy,1 pc,7,28675,Jongno-gu,Seoul,9777,FRESH10OFF,F,20s
5/4/25,Espresso,Coffee/Tea,2L,4,22141,Seodaemun-gu,Seoul,2585,SPRING15,F,30s
5/4/25,Tomato,Vegetables,1 pc,6,28759,Eunpyeong-gu,Seoul,1945,SUMMER25,F,60s
5/4/25,Camembert,Dairy,500g,1,6926,Yeongdeungpo-gu,Seoul,5723,NEWCUSTOMER,M,50s
5/4/25,Dijon Mustard,Noodles/Seasoning/Oil,300g,6,25154,Seongbuk-gu,Seoul,1733,VIP30,F,50s
5/5/25,Butter,Dairy,500g,6,24873,Nowon-gu,Seoul,4048,NEWCUSTOMER,M,30s
5/5/25,Ketchup,Noodles/Seasoning/Oil,200g,5,24901,Gangbuk-gu,Seoul,2145,NEWCUSTOMER,M,40s
5/5/25,Omega-3,Health Supplements,100ml,1,20211,Dongdaemun-gu,Seoul,2568,HEALTHY15,M,30s
5/5/25,Magnesium,Health Supplements,30 tablets,8,146533,Gwanak-gu,Seoul,1075,FAMILY25,M,30s
5/5/25,White Bread,Bakery,2-pack,7,31729,Yongsan-gu,Seoul,6886,GOURMET20,M,40s
5/5/25,Ricotta,Dairy,250g,5,22881,Jongno-gu,Seoul,1791,NEWCUSTOMER,M,30s
5/5/25,Mozzarella,Dairy,600g,6,28983,Gwanak-gu,Seoul,3309,ORGANIC20,F,20s
5/6/25,Americano,Coffee/Tea,300ml,4,20641,Yongsan-gu,Seoul,9812,ORGANIC20,F,50s
5/6/25,Pine Nut,Fruit/Nuts/Rice,5kg,1,9493,Gwangjin-gu,Seoul,1873,ORGANIC20,F,50s
5/6/25,Walnut,Fruit/Nuts/Rice,2kg,8,47881,Seongdong-gu,Seoul,6789,HEALTHY15,M,50s
5/6/25,Cheese,Dairy,150g,1,4704,Geumcheon-gu,Seoul,7502,NEWCUSTOMER,M,60s
5/6/25,Oolong Tea,Coffee/Tea,500ml,8,38431,Seongbuk-gu,Seoul,4642,PREMIUM15,F,60s
5/6/25,Ketchup,Noodles/Seasoning/Oil,300g,8,32926,Gangseo-gu,Seoul,3575,SUMMER25,M,40s
5/6/25,Oolong Tea,Coffee/Tea,250ml,3,17199,Geumcheon-gu,Seoul,6472,,M,60s
5/7/25,Jelly,Snacks/Sweets/Rice Cake,180 tablets,8,33730,Seongbuk-gu,Seoul,6153,SUMMER25,F,20s
5/7/25,Coconut Water,Water/Beverage,150g,7,25923,Songpa-gu,Seoul,4235,HEALTHY15,F,30s
5/7/25,Ade,Water/Beverage,150g,2,10068,Yangcheon-gu,Seoul,9068,FRESH10OFF,F,20s
5/7/25,Popsicle,Snacks/Sweets/Rice Cake,400g,3,13076,Nowon-gu,Seoul,3811,GOURMET20,F,40s
5/7/25,Poke Bowl,Ready Meal/Meal Kit/Salad,250ml,1,11072,Songpa-gu,Seoul,5610,ORGANIC20,M,60s
5/7/25,Bottled Water,Water/Beverage,100ml,7,27702,Seongdong-gu,Seoul,3828,SUMMER25,F,30s
5/7/25,Cold Noodle Kit,Ready Meal/Meal Kit/Salad,250g,2,20144,Yangcheon-gu,Seoul,3810,PREMIUM15,M,30s
5/8/25,Poke Bowl,Ready Meal/Meal Kit/Salad,150g,9,80768,Yeongdeungpo-gu,Seoul,6878,PREMIUM15,M,50s
5/8/25,Grape,Fruit/Nuts/Rice,6 pc,3,20435,Gangbuk-gu,Seoul,9693,,M,20s
5/8/25,Shrimp,Seafood,600g,3,28576,Geumcheon-gu,Seoul,3554,FRESH10OFF,F,40s
5/8/25,Cooling Spray,Hair/Body/Oral Care,60 tablets,5,55599,Guro-gu,Seoul,6850,RAINY10,F,50s
5/8/25,Cold Noodles,Ready Meal/Meal Kit/Salad,2kg,4,34128,Gangseo-gu,Seoul,3293,GOURMET20,M,60s
5/8/25,Cold Noodles,Ready Meal/Meal Kit/Salad,400g,3,25978,Jungnang-gu,Seoul,7778,SPRING15,M,60s
5/8/25,Corn Salad,Ready Meal/Meal Kit/Salad,3kg,7,63993,Jung-gu,Seoul,9969,PREMIUM15,F,20s
5/9/25,Black Tea,Coffee/Tea,300ml,2,9631,Gangdong-gu,Seoul,1173,SUMMER25,M,30s
5/9/25,Moisturizing Cream,Hair/Body/Oral Care,240 tablets,5,58508,Yongsan-gu,Seoul,2415,FAMILY25,M,20s
5/9/25,Beef Bone Soup Kit,Ready Meal/Meal Kit/Salad,150g,5,46448,Gwangjin-gu,Seoul,5785,SPRING15,M,40s
5/9/25,Rooibos Tea,Coffee/Tea,330ml,4,23882,Yangcheon-gu,Seoul,1122,FRUITPROMO5,F,30s
5/9/25,Ginseng Chicken Soup Kit,Ready Meal/Meal Kit/Salad,2kg,4,36471,Yongsan-gu,Seoul,6422,NEWCUSTOMER,F,50s
5/9/25,Milk Tea,Coffee/Tea,300ml,3,18580,Jongno-gu,Seoul,3078,SUMMER25,F,30s
5/9/25,Ginseng Chicken Soup Kit,Ready Meal/Meal Kit/Salad,600g,3,26489,Dongjak-gu,Seoul,8508,ORGANIC20,M,30s
5/10/25,Fried Rice Kit,Ready Meal/Meal Kit/Salad,2kg,8,72229,Dobong-gu,Seoul,4919,WEEKEND20,F,40s
5/10/25,Pork Bone Soup,Soup/Side/Main,600g,2,11149,Jongno-gu,Seoul,2605,SUMMER25,F,50s
5/10/25,Soft Tofu Stew,Soup/Side/Main,150g,8,34837,Gangnam-gu,Seoul,8189,SUMMER25,M,50s
5/10/25,Soft Tofu Stew,Soup/Side/Main,600g,3,14549,Guro-gu,Seoul,5027,PREMIUM15,M,30s
5/10/25,Cafe Latte,Coffee/Tea,750ml,6,31469,Yongsan-gu,Seoul,1949,WEEKEND20,F,40s
5/10/25,Soft Tofu Stew,Soup/Side/Main,400g,6,25224,Gangbuk-gu,Seoul,9721,FRUITPROMO5,M,50s
5/10/25,Yuzu Tea,Coffee/Tea,250ml,7,36624,Seongbuk-gu,Seoul,2007,GOURMET20,F,20s
5/11/25,Smoothie,Water/Beverage,6-pack,8,30695,Gwanak-gu,Seoul,6914,VIP30,F,50s
5/11/25,Tuna,Seafood,3kg,8,78238,Seocho-gu,Seoul,7321,FRESH10OFF,F,50s
5/11/25,Gazpacho,Ready Meal/Meal Kit/Salad,100ml,1,13465,Gwanak-gu,Seoul,4438,SUMMER25,M,60s
5/11/25,Pineapple,Fruit/Nuts/Rice,30 tablets,4,26682,Nowon-gu,Seoul,8457,SPRING15,F,60s
5/11/25,Gelato,Water/Beverage,500g,6,26080,Seongbuk-gu,Seoul,5160,ORGANIC20,F,50s
5/11/25,Peach,Fruit/Nuts/Rice,250g,1,10188,Gangseo-gu,Seoul,3088,GOURMET20,M,30s
5/11/25,Coconut Water,Water/Beverage,750ml,6,24663,Eunpyeong-gu,Seoul,7380,FAMILY25,F,40s
5/12/25,Frozen Treats,Snacks/Sweets/Rice Cake,300g,4,19364,Yeongdeungpo-gu,Seoul,9104,SUMMER25,F,20s
5/12/25,Jelly,Snacks/Sweets/Rice Cake,400g,4,18711,Nowon-gu,Seoul,7646,FRUITPROMO5,M,60s
5/12/25,Sports Drink,Water/Beverage,500ml,7,28629,Jungnang-gu,Seoul,6743,NEWCUSTOMER,F,50s
5/12/25,Cooling Spray,Hair/Body/Oral Care,100ml,5,59040,Yangcheon-gu,Seoul,9509,,F,50s
5/12/25,Korean Melon,Fruit/Nuts/Rice,5kg,2,13797,Seongbuk-gu,Seoul,3019,WEEKEND20,M,20s
5/12/25,Fruit Juice,Water/Beverage,750ml,6,22316,Seocho-gu,Seoul,5049,FRUITPROMO5,M,60s
5/12/25,Cleanser,Hair/Body/Oral Care,100ml,3,33617,Jungnang-gu,Seoul,2237,NEWCUSTOMER,F,60s
5/13/25,Bottled Water,Water/Beverage,355ml,6,22583,Jungnang-gu,Seoul,7043,WEEKEND20,M,20s
5/13/25,Coconut Water,Water/Beverage,330ml,8,27829,Jungnang-gu,Seoul,8110,NEWCUSTOMER,F,40s
5/13/25,Red Bean Shaved Ice,Snacks/Sweets/Rice Cake,500g,2,12497,Seongdong-gu,Seoul,9010,WEEKEND20,F,50s
